"STATION","NAME","DATE","PRCP","TAVG","TMAX","TMIN"
"USC00102707","DUBOIS EXPERIMENT STATION, ID US","1925-01","16.2",,,
"USC00102707","DUBOIS EXPERIMENT STATION, ID US","1925-02","29.4","-1.6","6.3","-9.5"
"USC00102707","DUBOIS EXPERIMENT STATION, ID US","1925-03","35.6","0.4","7.8","-7.1"
"USC00102707","DUBOIS EXPERIMENT STATION, ID US","1925-04","43.2","6.6","15.3","-2.1"
"USC00102707","DUBOIS EXPERIMENT STATION, ID US","1925-05","31.9",,,
"USC00102707","DUBOIS EXPERIMENT STATION, ID US","1925-06","49.8","13.8","23.9","3.8"
"USC00102707","DUBOIS EXPERIMENT STATION, ID US","1925-07","22.6","19.9","31.4","8.5"
"USC00102707","DUBOIS EXPERIMENT STATION, ID US","1925-08","67.8","17.4","28.2","6.5"
"USC00102707","DUBOIS EXPERIMENT STATION, ID US","1925-09","52.8","13.0","21.8","4.1"
"USC00102707","DUBOIS EXPERIMENT STATION, ID US","1925-11","11.4",,,
"USC00102707","DUBOIS EXPERIMENT STATION, ID US","1925-12","29.2","-3.0","1.9","-7.9"
"USC00102707","DUBOIS EXPERIMENT STATION, ID US","1926-01","12.9","-6.9","-0.7","-13.2"
"USC00102707","DUBOIS EXPERIMENT STATION, ID US","1926-02","12.2","-1.7","2.7","-6.0"
"USC00102707","DUBOIS EXPERIMENT STATION, ID US","1926-03","2.0","2.0","7.4","-3.4"
"USC00102707","DUBOIS EXPERIMENT STATION, ID US","1926-04","12.8","9.7","17.3","2.0"
"USC00102707","DUBOIS EXPERIMENT STATION, ID US","1926-05","11.8","11.6","20.5","2.6"
"USC00102707","DUBOIS EXPERIMENT STATION, ID US","1926-06","3.3","16.8","28.5","5.1"
"USC00102707","DUBOIS EXPERIMENT STATION, ID US","1926-07","4.1","18.6","29.9","7.3"
"USC00102707","DUBOIS EXPERIMENT STATION, ID US","1926-08","18.8",,,"5.3"
"USC00102707","DUBOIS EXPERIMENT STATION, ID US","1926-09","4.1",,,
"USC00102707","DUBOIS EXPERIMENT STATION, ID US","1926-10","3.1","7.7","17.1","-1.8"
"USC00102707","DUBOIS EXPERIMENT STATION, ID US","1926-11","32.9","1.6","7.1","-3.9"
"USC00102707","DUBOIS EXPERIMENT STATION, ID US","1926-12","24.9",,,
"USC00102707","DUBOIS EXPERIMENT STATION, ID US","1927-01","8.4","-6.4","-0.4","-12.4"
"USC00102707","DUBOIS EXPERIMENT STATION, ID US","1927-02","16.7","-4.5","1.6","-10.6"
"USC00102707","DUBOIS EXPERIMENT STATION, ID US","1927-03","9.5","-0.7","5.7","-7.1"
"USC00102707","DUBOIS EXPERIMENT STATION, ID US","1927-04","10.5","5.1","13.4","-3.1"
"USC00102707","DUBOIS EXPERIMENT STATION, ID US","1927-05","65.7","8.8","16.5","1.1"
"USC00102707","DUBOIS EXPERIMENT STATION, ID US","1927-06","23.5","16.2","25.4","6.9"
"USC00102707","DUBOIS EXPERIMENT STATION, ID US","1927-07","9.6","20.6","31.8","9.4"
"USC00102707","DUBOIS EXPERIMENT STATION, ID US","1927-08","19.8","18.0","27.8","8.3"
"USC00102707","DUBOIS EXPERIMENT STATION, ID US","1927-09","39.4","13.0","22.8","3.3"
"USC00102707","DUBOIS EXPERIMENT STATION, ID US","1927-10","33.0","8.3","17.2","-0.6"
"USC00102707","DUBOIS EXPERIMENT STATION, ID US","1927-11","14.9","2.5","8.7","-3.7"
"USC00102707","DUBOIS EXPERIMENT STATION, ID US","1927-12","1.4","-7.9","-0.5","-15.4"
"USC00102707","DUBOIS EXPERIMENT STATION, ID US","1928-01","5.3","-5.0","1.7","-11.6"
"USC00102707","DUBOIS EXPERIMENT STATION, ID US","1928-02","7.7","-4.0","4.2","-12.2"
"USC00102707","DUBOIS EXPERIMENT STATION, ID US","1928-03","2.6","1.9","9.8","-6.1"
"USC00102707","DUBOIS EXPERIMENT STATION, ID US","1928-04","5.4","4.3","13.1","-4.5"
"USC00102707","DUBOIS EXPERIMENT STATION, ID US","1928-05","27.9","13.7","23.4","4.0"
"USC00102707","DUBOIS EXPERIMENT STATION, ID US","1928-06","39.4","13.5","22.6","4.4"
"USC00102707","DUBOIS EXPERIMENT STATION, ID US","1928-07","17.9","20.8","31.4","10.2"
"USC00102707","DUBOIS EXPERIMENT STATION, ID US","1928-08","9.1","18.1","29.0","7.3"
"USC00102707","DUBOIS EXPERIMENT STATION, ID US","1928-09","14.0","13.9","23.9","3.9"
"USC00102707","DUBOIS EXPERIMENT STATION, ID US","1928-10","13.5","2.9","10.5","-4.6"
"USC00102707","DUBOIS EXPERIMENT STATION, ID US","1928-11","23.5","-0.1","6.1","-6.3"
"USC00102707","DUBOIS EXPERIMENT STATION, ID US","1928-12","18.4","-7.4","1.6","-16.5"
"USC00102707","DUBOIS EXPERIMENT STATION, ID US","1929-01","11.5","-11.2","-2.8","-19.7"
"USC00102707","DUBOIS EXPERIMENT STATION, ID US","1929-02","24.3","-10.4","-1.4","-19.3"
"USC00102707","DUBOIS EXPERIMENT STATION, ID US","1929-03","22.0","-3.1","5.8","-11.9"
"USC00102707","DUBOIS EXPERIMENT STATION, ID US","1929-04","47.4","0.7","8.3","-6.9"
"USC00102707","DUBOIS EXPERIMENT STATION, ID US","1929-05","13.5","8.2","19.2","-2.8"
"USC00102707","DUBOIS EXPERIMENT STATION, ID US","1929-06","34.0","13.3","25.0","1.5"
"USC00102707","DUBOIS EXPERIMENT STATION, ID US","1929-07","23.8","19.4","32.0","6.8"
"USC00102707","DUBOIS EXPERIMENT STATION, ID US","1929-08","16.6","19.3","32.1","6.5"
"USC00102707","DUBOIS EXPERIMENT STATION, ID US","1929-09","24.6","9.6","20.7","-1.6"
"USC00102707","DUBOIS EXPERIMENT STATION, ID US","1929-10","18.0","6.0","17.1","-5.1"
"USC00102707","DUBOIS EXPERIMENT STATION, ID US","1929-11","4.4","-4.4","5.1","-13.9"
"USC00102707","DUBOIS EXPERIMENT STATION, ID US","1929-12","11.5","-3.6","4.1","-11.3"
"USC00102707","DUBOIS EXPERIMENT STATION, ID US","1930-01","8.2","-11.6","-4.6","-18.6"
"USC00102707","DUBOIS EXPERIMENT STATION, ID US","1930-02","21.1","-1.9","3.6","-7.3"
"USC00102707","DUBOIS EXPERIMENT STATION, ID US","1930-03","2.5","0.0","7.0","-7.0"
"USC00102707","DUBOIS EXPERIMENT STATION, ID US","1930-04","23.8","9.9","18.6","1.3"
"USC00102707","DUBOIS EXPERIMENT STATION, ID US","1930-05","36.7","11.1","19.4","2.7"
"USC00102707","DUBOIS EXPERIMENT STATION, ID US","1930-06","25.3","15.5","25.8","5.2"
"USC00102707","DUBOIS EXPERIMENT STATION, ID US","1930-07","5.4","22.4","32.6","12.1"
"USC00102707","DUBOIS EXPERIMENT STATION, ID US","1930-08","66.0","19.9","28.5","11.4"
"USC00102707","DUBOIS EXPERIMENT STATION, ID US","1930-09","51.9","14.0","23.2","4.8"
"USC00102707","DUBOIS EXPERIMENT STATION, ID US","1930-10","59.1","6.1","12.8","-0.5"
"USC00102707","DUBOIS EXPERIMENT STATION, ID US","1930-11","31.7","-1.9","5.9","-9.6"
"USC00102707","DUBOIS EXPERIMENT STATION, ID US","1930-12","4.3","-8.4","-2.4","-14.3"
"USC00102707","DUBOIS EXPERIMENT STATION, ID US","1931-01","16.1","-6.5","-2.2","-10.8"
"USC00102707","DUBOIS EXPERIMENT STATION, ID US","1931-02","10.4","-4.4","0.8","-9.5"
"USC00102707","DUBOIS EXPERIMENT STATION, ID US","1931-03","14.2","-2.7","2.1","-7.4"
"USC00102707","DUBOIS EXPERIMENT STATION, ID US","1931-04","1.1","6.3","13.7","-1.1"
"USC00102707","DUBOIS EXPERIMENT STATION, ID US","1931-05","26.9","13.9","20.6","7.1"
"USC00102707","DUBOIS EXPERIMENT STATION, ID US","1931-06","7.6","18.2","27.3","9.1"
"USC00102707","DUBOIS EXPERIMENT STATION, ID US","1931-07","17.1","22.9","32.4","13.5"
"USC00102707","DUBOIS EXPERIMENT STATION, ID US","1931-08","17.3","20.5","30.0","11.0"
"USC00102707","DUBOIS EXPERIMENT STATION, ID US","1931-09","20.9","14.4","22.8","6.0"
"USC00102707","DUBOIS EXPERIMENT STATION, ID US","1931-10","3.5","8.2","15.7","0.7"
"USC00102707","DUBOIS EXPERIMENT STATION, ID US","1931-11","17.6","-2.3","3.2","-7.8"
"USC00102707","DUBOIS EXPERIMENT STATION, ID US","1931-12","62.3",,,
"USC00102707","DUBOIS EXPERIMENT STATION, ID US","1932-01","19.7","-11.2","-6.6","-15.9"
"USC00102707","DUBOIS EXPERIMENT STATION, ID US","1932-02","12.5","-7.4","-1.9","-12.9"
"USC00102707","DUBOIS EXPERIMENT STATION, ID US","1932-03","6.0","-4.5","0.8","-9.8"
"USC00102707","DUBOIS EXPERIMENT STATION, ID US","1932-04","22.2","4.6","10.2","-1.1"
"USC00102707","DUBOIS EXPERIMENT STATION, ID US","1932-05","18.9","11.1","18.5","3.8"
"USC00102707","DUBOIS EXPERIMENT STATION, ID US","1932-06","51.9","15.1","22.6","7.5"
"USC00102707","DUBOIS EXPERIMENT STATION, ID US","1932-07","64.0","19.2","28.3","10.2"
"USC00102707","DUBOIS EXPERIMENT STATION, ID US","1932-08","32.7","19.4","28.3","10.4"
"USC00102707","DUBOIS EXPERIMENT STATION, ID US","1932-09","0.5","15.1","24.3","5.8"
"USC00102707","DUBOIS EXPERIMENT STATION, ID US","1932-10","6.9","5.4","12.8","-2.0"
"USC00102707","DUBOIS EXPERIMENT STATION, ID US","1932-11","9.1","0.8","6.0","-4.4"
"USC00102707","DUBOIS EXPERIMENT STATION, ID US","1932-12","11.9","-10.3","-5.6","-15.1"
"USC00102707","DUBOIS EXPERIMENT STATION, ID US","1933-01","48.6","-8.4","-3.8","-12.9"
"USC00102707","DUBOIS EXPERIMENT STATION, ID US","1933-02","10.4","-12.4","-7.0","-17.8"
"USC00102707","DUBOIS EXPERIMENT STATION, ID US","1933-03","7.9","-1.8","3.4","-6.9"
"USC00102707","DUBOIS EXPERIMENT STATION, ID US","1933-04","23.5","4.6","11.8","-2.6"
"USC00102707","DUBOIS EXPERIMENT STATION, ID US","1933-05","53.4","8.3","15.2","1.4"
"USC00102707","DUBOIS EXPERIMENT STATION, ID US","1933-06","6.6","18.6","27.3","9.8"
"USC00102707","DUBOIS EXPERIMENT STATION, ID US","1933-07","1.5","22.7","32.2","13.2"
"USC00102707","DUBOIS EXPERIMENT STATION, ID US","1933-08","26.4","19.4","28.2","10.6"
"USC00102707","DUBOIS EXPERIMENT STATION, ID US","1933-09","13.2","13.7","22.5","4.9"
"USC00102707","DUBOIS EXPERIMENT STATION, ID US","1933-10","9.1","9.9","17.7","2.1"
"USC00102707","DUBOIS EXPERIMENT STATION, ID US","1933-11","8.6","1.1","6.5","-4.3"
"USC00102707","DUBOIS EXPERIMENT STATION, ID US","1933-12","21.9","-2.2","2.1","-6.4"
"USC00102707","DUBOIS EXPERIMENT STATION, ID US","1934-01","14.0","-3.1","0.8","-7.0"
"USC00102707","DUBOIS EXPERIMENT STATION, ID US","1934-02","9.2","1.2","6.3","-3.9"
"USC00102707","DUBOIS EXPERIMENT STATION, ID US","1934-03","3.8","7.1","14.7","-0.5"
"USC00102707","DUBOIS EXPERIMENT STATION, ID US","1934-04","8.7","11.2","19.6","2.9"
"USC00102707","DUBOIS EXPERIMENT STATION, ID US","1934-05","10.7","16.0","25.1","6.9"
"USC00102707","DUBOIS EXPERIMENT STATION, ID US","1934-06","56.6","16.0","24.2","7.8"
"USC00102707","DUBOIS EXPERIMENT STATION, ID US","1934-07","0.0","22.5","31.8","13.2"
"USC00102707","DUBOIS EXPERIMENT STATION, ID US","1934-08","1.6","22.0","31.1","12.9"
"USC00102707","DUBOIS EXPERIMENT STATION, ID US","1934-09","10.4","12.2","20.2","4.1"
"USC00102707","DUBOIS EXPERIMENT STATION, ID US","1934-10","38.0","10.0","18.1","2.0"
"USC00102707","DUBOIS EXPERIMENT STATION, ID US","1934-11","38.4","2.7","8.2","-2.8"
"USC00102707","DUBOIS EXPERIMENT STATION, ID US","1934-12","17.9","-5.0","0.7","-10.8"
"USC00102707","DUBOIS EXPERIMENT STATION, ID US","1935-01","31.4","-5.4","-0.3","-10.4"
"USC00102707","DUBOIS EXPERIMENT STATION, ID US","1935-02","7.4","-4.4","1.1","-9.9"
"USC00102707","DUBOIS EXPERIMENT STATION, ID US","1935-03","22.2","-2.4","2.4","-7.2"
"USC00102707","DUBOIS EXPERIMENT STATION, ID US","1935-04","45.8","4.4","10.5","-1.7"
"USC00102707","DUBOIS EXPERIMENT STATION, ID US","1935-05","19.9","9.3","16.2","2.5"
"USC00102707","DUBOIS EXPERIMENT STATION, ID US","1935-06","1.6","16.4","24.4","8.4"
"USC00102707","DUBOIS EXPERIMENT STATION, ID US","1935-07","18.8",,,
"USC00102707","DUBOIS EXPERIMENT STATION, ID US","1935-08","8.1","20.2","30.0","10.3"
"USC00102707","DUBOIS EXPERIMENT STATION, ID US","1935-09","6.1","16.2","25.6","6.8"
"USC00102707","DUBOIS EXPERIMENT STATION, ID US","1935-10","36.8","7.7","15.9","-0.4"
"USC00102707","DUBOIS EXPERIMENT STATION, ID US","1935-11","11.5","-3.9","0.7","-8.4"
"USC00102707","DUBOIS EXPERIMENT STATION, ID US","1935-12","23.0","-4.6","0.3","-9.5"
"USC00102707","DUBOIS EXPERIMENT STATION, ID US","1936-01","29.6","-7.5","-2.6","-12.4"
"USC00102707","DUBOIS EXPERIMENT STATION, ID US","1936-02","4.3","-7.9","-2.5","-13.4"
"USC00102707","DUBOIS EXPERIMENT STATION, ID US","1936-03","1.0","-2.7","2.6","-7.9"
"USC00102707","DUBOIS EXPERIMENT STATION, ID US","1936-04","16.3","6.0","12.6","-0.6"
"USC00102707","DUBOIS EXPERIMENT STATION, ID US","1936-05","20.2","14.2","22.9","5.5"
"USC00102707","DUBOIS EXPERIMENT STATION, ID US","1936-06","48.8","17.1","24.8","9.4"
"USC00102707","DUBOIS EXPERIMENT STATION, ID US","1936-07","22.8","22.1","31.3","12.8"
"USC00102707","DUBOIS EXPERIMENT STATION, ID US","1936-08","33.4","19.7","28.4","11.1"
"USC00102707","DUBOIS EXPERIMENT STATION, ID US","1936-09","15.4","13.5","22.0","5.1"
"USC00102707","DUBOIS EXPERIMENT STATION, ID US","1936-10","5.1","8.3","15.4","1.3"
"USC00102707","DUBOIS EXPERIMENT STATION, ID US","1936-11","1.5","-0.4","6.0","-6.7"
"USC00102707","DUBOIS EXPERIMENT STATION, ID US","1936-12","25.5","-4.7","-0.7","-8.6"
"USC00102707","DUBOIS EXPERIMENT STATION, ID US","1937-01","23.4","-16.1","-11.4","-20.9"
"USC00102707","DUBOIS EXPERIMENT STATION, ID US","1937-02","21.2","-8.5","-3.9","-13.2"
"USC00102707","DUBOIS EXPERIMENT STATION, ID US","1937-03","18.3","-2.4","2.5","-7.3"
"USC00102707","DUBOIS EXPERIMENT STATION, ID US","1937-04","18.1","3.9","9.7","-1.9"
"USC00102707","DUBOIS EXPERIMENT STATION, ID US","1937-05","10.4","12.4","20.6","4.2"
"USC00102707","DUBOIS EXPERIMENT STATION, ID US","1937-06","37.8","14.4","22.6","6.3"
"USC00102707","DUBOIS EXPERIMENT STATION, ID US","1937-07","19.6","21.0","29.7","12.3"
"USC00102707","DUBOIS EXPERIMENT STATION, ID US","1937-08","5.9","19.6","29.4","9.7"
"USC00102707","DUBOIS EXPERIMENT STATION, ID US","1937-09","11.0","15.5","24.1","6.8"
"USC00102707","DUBOIS EXPERIMENT STATION, ID US","1937-10","11.8","9.0","16.6","1.5"
"USC00102707","DUBOIS EXPERIMENT STATION, ID US","1937-11","13.0","0.3","5.3","-4.7"
"USC00102707","DUBOIS EXPERIMENT STATION, ID US","1937-12","34.5","-4.2","0.0","-8.4"
"USC00102707","DUBOIS EXPERIMENT STATION, ID US","1938-01","17.4","-6.4","-1.3","-11.4"
"USC00102707","DUBOIS EXPERIMENT STATION, ID US","1938-02","36.2","-4.8","0.3","-9.9"
"USC00102707","DUBOIS EXPERIMENT STATION, ID US","1938-03","66.3","-2.2","1.7","-6.0"
"USC00102707","DUBOIS EXPERIMENT STATION, ID US","1938-04","14.8","4.9","10.9","-1.0"
"USC00102707","DUBOIS EXPERIMENT STATION, ID US","1938-05","27.1","9.4","15.6","3.2"
"USC00102707","DUBOIS EXPERIMENT STATION, ID US","1938-06","34.4","15.9","23.6","8.3"
"USC00102707","DUBOIS EXPERIMENT STATION, ID US","1938-07","56.5","18.6","26.1","11.2"
"USC00102707","DUBOIS EXPERIMENT STATION, ID US","1938-08","18.0","18.5","27.4","9.5"
"USC00102707","DUBOIS EXPERIMENT STATION, ID US","1938-09","1.6","17.3","25.5","9.1"
"USC00102707","DUBOIS EXPERIMENT STATION, ID US","1938-10","93.2","7.8","13.6","2.0"
"USC00102707","DUBOIS EXPERIMENT STATION, ID US","1938-11","11.4","-4.1","0.5","-8.6"
"USC00102707","DUBOIS EXPERIMENT STATION, ID US","1938-12","1.5","-4.5","-0.7","-8.2"
"USC00102707","DUBOIS EXPERIMENT STATION, ID US","1939-01","23.0","-7.3","-3.2","-11.5"
"USC00102707","DUBOIS EXPERIMENT STATION, ID US","1939-02","23.1","-10.5","-6.0","-15.0"
"USC00102707","DUBOIS EXPERIMENT STATION, ID US","1939-03","10.7","-0.6","4.5","-5.6"
"USC00102707","DUBOIS EXPERIMENT STATION, ID US","1939-04","17.7","7.2","14.5","-0.1"
"USC00102707","DUBOIS EXPERIMENT STATION, ID US","1939-05","14.5","12.4","20.1","4.7"
"USC00102707","DUBOIS EXPERIMENT STATION, ID US","1939-06","19.1","13.5","21.4","5.6"
"USC00102707","DUBOIS EXPERIMENT STATION, ID US","1939-07","16.1","21.0","30.0","12.0"
"USC00102707","DUBOIS EXPERIMENT STATION, ID US","1939-08","3.8","20.1","29.2","11.0"
"USC00102707","DUBOIS EXPERIMENT STATION, ID US","1939-09","29.4","14.3","22.1","6.4"
"USC00102707","DUBOIS EXPERIMENT STATION, ID US","1939-10","30.1","6.9","13.2","0.6"
"USC00102707","DUBOIS EXPERIMENT STATION, ID US","1939-11","0.0","3.3","10.4","-3.7"
"USC00102707","DUBOIS EXPERIMENT STATION, ID US","1939-12","10.7","-2.1","2.6","-6.6"
"USC00102707","DUBOIS EXPERIMENT STATION, ID US","1940-01","25.3","-6.5","-2.6","-10.4"
"USC00102707","DUBOIS EXPERIMENT STATION, ID US","1940-02","37.2","-4.0","-0.4","-7.5"
"USC00102707","DUBOIS EXPERIMENT STATION, ID US","1940-03","33.8","0.6","5.3","-4.1"
"USC00102707","DUBOIS EXPERIMENT STATION, ID US","1940-04","37.1","6.2","12.4","0.0"
"USC00102707","DUBOIS EXPERIMENT STATION, ID US","1940-05","7.6","13.1","21.4","4.8"
"USC00102707","DUBOIS EXPERIMENT STATION, ID US","1940-06","30.8","18.0","26.3","9.6"
"USC00102707","DUBOIS EXPERIMENT STATION, ID US","1940-07","25.7","21.3","29.9","12.6"
"USC00102707","DUBOIS EXPERIMENT STATION, ID US","1940-08","19.6","21.5","30.9","12.1"
"USC00102707","DUBOIS EXPERIMENT STATION, ID US","1940-09","99.5","14.0","20.4","7.7"
"USC00102707","DUBOIS EXPERIMENT STATION, ID US","1940-10","33.3","8.6","14.5","2.8"
"USC00102707","DUBOIS EXPERIMENT STATION, ID US","1940-11","23.1","-2.4","1.7","-6.4"
"USC00102707","DUBOIS EXPERIMENT STATION, ID US","1940-12","28.0","-3.8","0.3","-7.8"
"USC00102707","DUBOIS EXPERIMENT STATION, ID US","1941-01","37.5","-5.3","-1.5","-9.1"
"USC00102707","DUBOIS EXPERIMENT STATION, ID US","1941-02","8.2","-3.3","1.6","-8.2"
"USC00102707","DUBOIS EXPERIMENT STATION, ID US","1941-03","13.2","0.6","5.3","-4.2"
"USC00102707","DUBOIS EXPERIMENT STATION, ID US","1941-04","44.4","5.8","11.7","-0.1"
"USC00102707","DUBOIS EXPERIMENT STATION, ID US","1941-05","24.5","11.0","18.4","3.5"
"USC00102707","DUBOIS EXPERIMENT STATION, ID US","1941-06","47.1","14.4","21.6","7.1"
"USC00102707","DUBOIS EXPERIMENT STATION, ID US","1941-07","22.6","20.2","28.4","12.0"
"USC00102707","DUBOIS EXPERIMENT STATION, ID US","1941-08","45.1","18.1","25.3","10.9"
"USC00102707","DUBOIS EXPERIMENT STATION, ID US","1941-09","23.1","10.1","17.0","3.3"
"USC00102707","DUBOIS EXPERIMENT STATION, ID US","1941-10","24.8","6.4","12.3","0.5"
"USC00102707","DUBOIS EXPERIMENT STATION, ID US","1941-11","9.5","0.5","5.6","-4.5"
"USC00102707","DUBOIS EXPERIMENT STATION, ID US","1941-12","42.1","-3.5","-0.2","-6.9"
"USC00102707","DUBOIS EXPERIMENT STATION, ID US","1942-01","36.9","-7.4","-3.2","-11.7"
"USC00102707","DUBOIS EXPERIMENT STATION, ID US","1942-02","14.5","-8.7","-4.3","-13.2"
"USC00102707","DUBOIS EXPERIMENT STATION, ID US","1942-03","8.7","-3.8","1.2","-8.8"
"USC00102707","DUBOIS EXPERIMENT STATION, ID US","1942-04","20.5","6.6","13.0","0.2"
"USC00102707","DUBOIS EXPERIMENT STATION, ID US","1942-05","49.8","8.1","14.4","1.8"
"USC00102707","DUBOIS EXPERIMENT STATION, ID US","1942-06","23.9","13.8","21.6","6.0"
"USC00102707","DUBOIS EXPERIMENT STATION, ID US","1942-07","6.7","21.6","30.6","12.6"
"USC00102707","DUBOIS EXPERIMENT STATION, ID US","1942-08","0.5","20.3","29.5","11.1"
"USC00102707","DUBOIS EXPERIMENT STATION, ID US","1942-09","9.6","14.3","22.7","5.9"
"USC00102707","DUBOIS EXPERIMENT STATION, ID US","1942-10","13.8","7.5","14.4","0.6"
"USC00102707","DUBOIS EXPERIMENT STATION, ID US","1942-11","24.3","-0.9","4.0","-5.9"
"USC00102707","DUBOIS EXPERIMENT STATION, ID US","1942-12","33.6","-6.1","-1.8","-10.5"
"USC00102707","DUBOIS EXPERIMENT STATION, ID US","1943-01","38.1","-8.8","-4.2","-13.4"
"USC00102707","DUBOIS EXPERIMENT STATION, ID US","1943-02","21.1","-5.4","0.3","-11.1"
"USC00102707","DUBOIS EXPERIMENT STATION, ID US","1943-03","4.0","-5.1","1.2","-11.3"
"USC00102707","DUBOIS EXPERIMENT STATION, ID US","1943-04","16.6","8.7","16.1","1.4"
"USC00102707","DUBOIS EXPERIMENT STATION, ID US","1943-05","38.2","9.3","15.6","2.9"
"USC00102707","DUBOIS EXPERIMENT STATION, ID US","1943-06","41.5","12.9","20.6","5.1"
"USC00102707","DUBOIS EXPERIMENT STATION, ID US","1943-07","7.1","20.5","29.7","11.3"
"USC00102707","DUBOIS EXPERIMENT STATION, ID US","1943-08","6.8","19.6","29.0","10.1"
"USC00102707","DUBOIS EXPERIMENT STATION, ID US","1943-09","3.1","16.2","25.1","7.3"
"USC00102707","DUBOIS EXPERIMENT STATION, ID US","1943-10","40.4","9.1","15.4","2.8"
"USC00102707","DUBOIS EXPERIMENT STATION, ID US","1943-11","9.9","1.3","6.2","-3.6"
"USC00102707","DUBOIS EXPERIMENT STATION, ID US","1943-12","11.3","-3.1","1.8","-8.0"
"USC00102707","DUBOIS EXPERIMENT STATION, ID US","1944-01","14.0","-8.1","-2.8","-13.3"
"USC00102707","DUBOIS EXPERIMENT STATION, ID US","1944-02","25.7","-5.7","-2.0","-9.4"
"USC00102707","DUBOIS EXPERIMENT STATION, ID US","1944-03","14.5","-4.8","0.1","-9.7"
"USC00102707","DUBOIS EXPERIMENT STATION, ID US","1944-04","28.3","5.0","10.9","-0.9"
"USC00102707","DUBOIS EXPERIMENT STATION, ID US","1944-05","47.2","11.4","18.5","4.2"
"USC00102707","DUBOIS EXPERIMENT STATION, ID US","1944-06","209.8","12.6","19.3","5.9"
"USC00102707","DUBOIS EXPERIMENT STATION, ID US","1944-07","14.9","18.2","26.5","9.9"
"USC00102707","DUBOIS EXPERIMENT STATION, ID US","1944-08","2.0","18.1","27.4","8.9"
"USC00102707","DUBOIS EXPERIMENT STATION, ID US","1944-09","16.7","14.1","22.6","5.5"
"USC00102707","DUBOIS EXPERIMENT STATION, ID US","1944-10","12.9","10.6","18.6","2.6"
"USC00102707","DUBOIS EXPERIMENT STATION, ID US","1944-11","53.3","-2.6","1.1","-6.2"
"USC00102707","DUBOIS EXPERIMENT STATION, ID US","1944-12","8.7","-6.6","-2.3","-11.0"
"USC00102707","DUBOIS EXPERIMENT STATION, ID US","1945-01","13.1","-6.5","-2.6","-10.3"
"USC00102707","DUBOIS EXPERIMENT STATION, ID US","1945-02","36.2",,,"-9.1"
"USC00102707","DUBOIS EXPERIMENT STATION, ID US","1945-03","13.6","-3.2","1.6","-8.0"
"USC00102707","DUBOIS EXPERIMENT STATION, ID US","1945-04","11.0","2.4","9.1","-4.2"
"USC00102707","DUBOIS EXPERIMENT STATION, ID US","1945-05","65.7","10.3","17.2","3.3"
"USC00102707","DUBOIS EXPERIMENT STATION, ID US","1945-06","85.9","11.9","18.5","5.4"
"USC00102707","DUBOIS EXPERIMENT STATION, ID US","1945-07","2.4","20.6","29.2","12.0"
"USC00102707","DUBOIS EXPERIMENT STATION, ID US","1945-08","89.8","19.0","28.6","9.4"
"USC00102707","DUBOIS EXPERIMENT STATION, ID US","1945-09","35.7","11.5","19.5","3.6"
"USC00102707","DUBOIS EXPERIMENT STATION, ID US","1945-10","1.0","9.0","16.5","1.5"
"USC00102707","DUBOIS EXPERIMENT STATION, ID US","1945-11","21.9","-2.2","2.2","-6.6"
"USC00102707","DUBOIS EXPERIMENT STATION, ID US","1945-12","25.8","-7.5","-3.6","-11.4"
"USC00102707","DUBOIS EXPERIMENT STATION, ID US","1946-01","9.4","-8.6","-4.0","-13.3"
"USC00102707","DUBOIS EXPERIMENT STATION, ID US","1946-02","23.5","-7.4","-2.2","-12.6"
"USC00102707","DUBOIS EXPERIMENT STATION, ID US","1946-03","41.3","-1.0","3.4","-5.4"
"USC00102707","DUBOIS EXPERIMENT STATION, ID US","1946-04","3.8","7.9","15.4","0.4"
"USC00102707","DUBOIS EXPERIMENT STATION, ID US","1946-05","56.5","10.3","16.7","3.8"
"USC00102707","DUBOIS EXPERIMENT STATION, ID US","1946-06","22.9","15.8","23.7","7.8"
"USC00102707","DUBOIS EXPERIMENT STATION, ID US","1946-07","12.2","21.2","30.3","12.1"
"USC00102707","DUBOIS EXPERIMENT STATION, ID US","1946-08","5.2","20.7","30.1","11.3"
"USC00102707","DUBOIS EXPERIMENT STATION, ID US","1946-09","11.9","13.9","22.4","5.3"
"USC00102707","DUBOIS EXPERIMENT STATION, ID US","1946-10","27.4","3.3","8.7","-2.0"
"USC00102707","DUBOIS EXPERIMENT STATION, ID US","1946-11","60.4","-0.7","3.1","-4.5"
"USC00102707","DUBOIS EXPERIMENT STATION, ID US","1946-12","27.7","-2.8","0.5","-6.1"
"USC00102707","DUBOIS EXPERIMENT STATION, ID US","1947-01","7.6","-10.1","-5.3","-14.8"
"USC00102707","DUBOIS EXPERIMENT STATION, ID US","1947-02","5.6","-3.8","0.7","-8.4"
"USC00102707","DUBOIS EXPERIMENT STATION, ID US","1947-03","9.2","2.1","7.8","-3.6"
"USC00102707","DUBOIS EXPERIMENT STATION, ID US","1947-04","29.8","5.2","12.2","-1.8"
"USC00102707","DUBOIS EXPERIMENT STATION, ID US","1947-05","27.2","13.0","21.1","4.9"
"USC00102707","DUBOIS EXPERIMENT STATION, ID US","1947-06","58.8","13.1","20.2","6.0"
"USC00102707","DUBOIS EXPERIMENT STATION, ID US","1947-07","15.8","21.3","31.1","11.5"
"USC00102707","DUBOIS EXPERIMENT STATION, ID US","1947-08","4.8","19.5","28.8","10.2"
"USC00102707","DUBOIS EXPERIMENT STATION, ID US","1947-09","40.4","14.5","23.1","5.9"
"USC00102707","DUBOIS EXPERIMENT STATION, ID US","1947-10","18.1","9.3","15.6","3.0"
"USC00102707","DUBOIS EXPERIMENT STATION, ID US","1947-11","21.9","-3.4","0.7","-7.5"
"USC00102707","DUBOIS EXPERIMENT STATION, ID US","1947-12","7.5","-5.5","-1.8","-9.2"
"USC00102707","DUBOIS EXPERIMENT STATION, ID US","1948-01","3.3","-7.1","-2.3","-11.9"
"USC00102707","DUBOIS EXPERIMENT STATION, ID US","1948-02","10.6","-5.2","-1.0","-9.5"
"USC00102707","DUBOIS EXPERIMENT STATION, ID US","1948-03","28.8","-3.6","1.1","-8.4"
"USC00102707","DUBOIS EXPERIMENT STATION, ID US","1948-04","16.0","5.2","11.9","-1.4"
"USC00102707","DUBOIS EXPERIMENT STATION, ID US","1948-05","45.9","11.0","18.6","3.4"
"USC00102707","DUBOIS EXPERIMENT STATION, ID US","1948-06","74.8","16.6","24.0","9.3"
"USC00102707","DUBOIS EXPERIMENT STATION, ID US","1948-07","5.5","19.9","28.8","11.0"
"USC00102707","DUBOIS EXPERIMENT STATION, ID US","1948-08","21.8","19.5","29.1","10.0"
"USC00102707","DUBOIS EXPERIMENT STATION, ID US","1948-09","22.8","15.1","23.4","6.9"
"USC00102707","DUBOIS EXPERIMENT STATION, ID US","1948-10","6.3","8.7","16.2","1.2"
"USC00102707","DUBOIS EXPERIMENT STATION, ID US","1948-11","14.9","-3.6","0.6","-7.9"
"USC00102707","DUBOIS EXPERIMENT STATION, ID US","1948-12","25.6","-9.4","-5.0","-13.7"
"USC00102707","DUBOIS EXPERIMENT STATION, ID US","1949-01","22.9","-13.9","-9.3","-18.5"
"USC00102707","DUBOIS EXPERIMENT STATION, ID US","1949-02","25.8","-8.6","-3.8","-13.4"
"USC00102707","DUBOIS EXPERIMENT STATION, ID US","1949-03","5.7","0.3","5.0","-4.5"
"USC00102707","DUBOIS EXPERIMENT STATION, ID US","1949-04","9.4","8.9","17.1","0.6"
"USC00102707","DUBOIS EXPERIMENT STATION, ID US","1949-05","75.5","12.3","19.6","4.9"
"USC00102707","DUBOIS EXPERIMENT STATION, ID US","1949-06","44.2","15.0","23.5","6.4"
"USC00102707","DUBOIS EXPERIMENT STATION, ID US","1949-07","19.8","20.6","29.8","11.4"
"USC00102707","DUBOIS EXPERIMENT STATION, ID US","1949-08","9.2","21.2","29.9","12.6"
"USC00102707","DUBOIS EXPERIMENT STATION, ID US","1949-09","13.0","15.4","24.0","6.8"
"USC00102707","DUBOIS EXPERIMENT STATION, ID US","1949-10","30.2","3.9","9.5","-1.6"
"USC00102707","DUBOIS EXPERIMENT STATION, ID US","1949-11","19.8","3.4","8.7","-1.9"
"USC00102707","DUBOIS EXPERIMENT STATION, ID US","1949-12","18.2","-7.0","-2.6","-11.3"
"USC00102707","DUBOIS EXPERIMENT STATION, ID US","1950-01","23.7","-10.7","-6.1","-15.4"
"USC00102707","DUBOIS EXPERIMENT STATION, ID US","1950-02","18.8","-4.8","-0.6","-9.0"
"USC00102707","DUBOIS EXPERIMENT STATION, ID US","1950-03","29.6","-2.6","2.0","-7.3"
"USC00102707","DUBOIS EXPERIMENT STATION, ID US","1950-04","13.9","4.8","11.4","-1.9"
"USC00102707","DUBOIS EXPERIMENT STATION, ID US","1950-05","14.3","8.8","16.9","0.8"
"USC00102707","DUBOIS EXPERIMENT STATION, ID US","1950-06","53.1","14.6","22.7","6.4"
"USC00102707","DUBOIS EXPERIMENT STATION, ID US","1950-07","11.0","19.0","27.4","10.5"
"USC00102707","DUBOIS EXPERIMENT STATION, ID US","1950-08","17.8","18.9","27.7","10.1"
"USC00102707","DUBOIS EXPERIMENT STATION, ID US","1950-09","54.7","13.3","20.4","6.2"
"USC00102707","DUBOIS EXPERIMENT STATION, ID US","1950-10","17.6","9.1","16.1","2.1"
"USC00102707","DUBOIS EXPERIMENT STATION, ID US","1950-11","2.6","0.9","5.6","-3.8"
"USC00102707","DUBOIS EXPERIMENT STATION, ID US","1950-12","23.7","-2.6","0.9","-6.0"
"USC00102707","DUBOIS EXPERIMENT STATION, ID US","1951-01","10.8","-8.8","-3.7","-13.9"
"USC00102707","DUBOIS EXPERIMENT STATION, ID US","1951-02","11.8","-5.0","-0.6","-9.4"
"USC00102707","DUBOIS EXPERIMENT STATION, ID US","1951-03","5.5","-4.4","0.8","-9.7"
"USC00102707","DUBOIS EXPERIMENT STATION, ID US","1951-04","16.9","6.5","13.9","-0.9"
"USC00102707","DUBOIS EXPERIMENT STATION, ID US","1951-05","30.5","11.4","18.7","4.1"
"USC00102707","DUBOIS EXPERIMENT STATION, ID US","1951-06","9.1","12.9","20.7","5.1"
"USC00102707","DUBOIS EXPERIMENT STATION, ID US","1951-07","32.3","20.6","30.1","11.2"
"USC00102707","DUBOIS EXPERIMENT STATION, ID US","1951-08","55.2","17.8","25.7","9.8"
"USC00102707","DUBOIS EXPERIMENT STATION, ID US","1951-09","0.0","14.1","22.6","5.5"
"USC00102707","DUBOIS EXPERIMENT STATION, ID US","1951-10","33.1","5.5","11.0","0.0"
"USC00102707","DUBOIS EXPERIMENT STATION, ID US","1951-11","7.7","-1.6","3.1","-6.4"
"USC00102707","DUBOIS EXPERIMENT STATION, ID US","1951-12","36.7","-9.2","-5.4","-13.1"
"USC00102707","DUBOIS EXPERIMENT STATION, ID US","1952-01","31.8","-9.4","-5.3","-13.4"
"USC00102707","DUBOIS EXPERIMENT STATION, ID US","1952-02","38.6","-8.8","-4.2","-13.5"
"USC00102707","DUBOIS EXPERIMENT STATION, ID US","1952-03","31.6","-5.4","-1.1","-9.7"
"USC00102707","DUBOIS EXPERIMENT STATION, ID US","1952-04","5.6","4.9","11.1","-1.2"
"USC00102707","DUBOIS EXPERIMENT STATION, ID US","1952-05","20.2","11.8","19.1","4.5"
"USC00102707","DUBOIS EXPERIMENT STATION, ID US","1952-06","45.8","15.9","24.2","7.6"
"USC00102707","DUBOIS EXPERIMENT STATION, ID US","1952-07","13.9","18.9","28.0","9.7"
"USC00102707","DUBOIS EXPERIMENT STATION, ID US","1952-08","35.0","19.6","28.2","11.0"
"USC00102707","DUBOIS EXPERIMENT STATION, ID US","1952-09","1.8","16.2","25.4","6.9"
"USC00102707","DUBOIS EXPERIMENT STATION, ID US","1952-10","0.0","10.1","18.6","1.6"
"USC00102707","DUBOIS EXPERIMENT STATION, ID US","1952-11","23.4","-3.5","2.0","-9.1"
"USC00102707","DUBOIS EXPERIMENT STATION, ID US","1952-12","30.3","-5.3","-2.0","-8.7"
"USC00102707","DUBOIS EXPERIMENT STATION, ID US","1953-01","14.0","-2.7","0.1","-5.5"
"USC00102707","DUBOIS EXPERIMENT STATION, ID US","1953-02","15.1","-5.5","-1.7","-9.4"
"USC00102707","DUBOIS EXPERIMENT STATION, ID US","1953-03","8.6","-0.6","4.9","-6.0"
"USC00102707","DUBOIS EXPERIMENT STATION, ID US","1953-04","27.1","3.6","10.1","-2.9"
"USC00102707","DUBOIS EXPERIMENT STATION, ID US","1953-05","50.8","8.0","14.7","1.3"
"USC00102707","DUBOIS EXPERIMENT STATION, ID US","1953-06","55.0","13.8","21.6","6.1"
"USC00102707","DUBOIS EXPERIMENT STATION, ID US","1953-07","8.5","22.0","31.4","12.6"
"USC00102707","DUBOIS EXPERIMENT STATION, ID US","1953-08","3.6","19.9","29.1","10.6"
"USC00102707","DUBOIS EXPERIMENT STATION, ID US","1953-09","1.6","16.4","25.5","7.2"
"USC00102707","DUBOIS EXPERIMENT STATION, ID US","1953-10","5.6","9.7","16.7","2.7"
"USC00102707","DUBOIS EXPERIMENT STATION, ID US","1953-11","6.9","2.9","8.2","-2.4"
"USC00102707","DUBOIS EXPERIMENT STATION, ID US","1953-12","18.5","-6.7","-2.5","-11.0"
"USC00102707","DUBOIS EXPERIMENT STATION, ID US","1954-01","6.4","-5.5","-1.8","-9.2"
"USC00102707","DUBOIS EXPERIMENT STATION, ID US","1954-02","14.6","-1.0","3.7","-5.7"
"USC00102707","DUBOIS EXPERIMENT STATION, ID US","1954-03","30.3","-1.8","3.4","-7.1"
"USC00102707","DUBOIS EXPERIMENT STATION, ID US","1954-04","22.8","6.9","14.6","-0.8"
"USC00102707","DUBOIS EXPERIMENT STATION, ID US","1954-05","21.5","12.2","20.1","4.4"
"USC00102707","DUBOIS EXPERIMENT STATION, ID US","1954-06","60.8","13.7","21.2","6.2"
"USC00102707","DUBOIS EXPERIMENT STATION, ID US","1954-07","11.2","22.0","31.5","12.5"
"USC00102707","DUBOIS EXPERIMENT STATION, ID US","1954-08","17.4","18.9","28.1","9.8"
"USC00102707","DUBOIS EXPERIMENT STATION, ID US","1954-09","9.4","14.7","23.4","5.9"
"USC00102707","DUBOIS EXPERIMENT STATION, ID US","1954-10","0.8","7.0","14.8","-0.7"
"USC00102707","DUBOIS EXPERIMENT STATION, ID US","1954-11","25.9","3.3","8.7","-2.1"
"USC00102707","DUBOIS EXPERIMENT STATION, ID US","1954-12","16.4","-6.1","-1.3","-10.9"
"USC00102707","DUBOIS EXPERIMENT STATION, ID US","1955-01","19.3","-11.0","-6.8","-15.2"
"USC00102707","DUBOIS EXPERIMENT STATION, ID US","1955-02","14.2","-9.0","-4.6","-13.3"
"USC00102707","DUBOIS EXPERIMENT STATION, ID US","1955-03","3.8","-6.6","-0.8","-12.4"
"USC00102707","DUBOIS EXPERIMENT STATION, ID US","1955-04","18.6","2.3","7.9","-3.3"
"USC00102707","DUBOIS EXPERIMENT STATION, ID US","1955-05","46.6","10.1","17.3","2.9"
"USC00102707","DUBOIS EXPERIMENT STATION, ID US","1955-06","47.4","14.2","22.0","6.4"
"USC00102707","DUBOIS EXPERIMENT STATION, ID US","1955-07","15.4","19.6","28.4","10.9"
"USC00102707","DUBOIS EXPERIMENT STATION, ID US","1955-08","31.8","21.0","30.1","11.8"
"USC00102707","DUBOIS EXPERIMENT STATION, ID US","1955-09","6.0","14.4","22.4","6.5"
"USC00102707","DUBOIS EXPERIMENT STATION, ID US","1955-10","11.9","7.9","15.6","0.3"
"USC00102707","DUBOIS EXPERIMENT STATION, ID US","1955-11","18.3","-3.3","2.0","-8.5"
"USC00102707","DUBOIS EXPERIMENT STATION, ID US","1955-12","49.7","-4.6","-0.5","-8.7"
"USC00102707","DUBOIS EXPERIMENT STATION, ID US","1956-01","38.2","-4.1","-0.3","-7.8"
"USC00102707","DUBOIS EXPERIMENT STATION, ID US","1956-02","9.5","-9.8","-4.6","-14.9"
"USC00102707","DUBOIS EXPERIMENT STATION, ID US","1956-03","1.8","-2.4","3.1","-7.8"
"USC00102707","DUBOIS EXPERIMENT STATION, ID US","1956-04","45.0","6.7","13.6","-0.1"
"USC00102707","DUBOIS EXPERIMENT STATION, ID US","1956-05","18.9","12.5","19.8","5.2"
"USC00102707","DUBOIS EXPERIMENT STATION, ID US","1956-06","22.2","17.1","26.3","7.8"
"USC00102707","DUBOIS EXPERIMENT STATION, ID US","1956-07","15.1","21.2","29.8","12.7"
"USC00102707","DUBOIS EXPERIMENT STATION, ID US","1956-08","2.0","18.7","27.5","9.9"
"USC00102707","DUBOIS EXPERIMENT STATION, ID US","1956-09","13.2","14.5","23.9","5.1"
"USC00102707","DUBOIS EXPERIMENT STATION, ID US","1956-10","54.5","6.9","13.2","0.7"
"USC00102707","DUBOIS EXPERIMENT STATION, ID US","1956-11","9.2","-2.4","3.3","-8.2"
"USC00102707","DUBOIS EXPERIMENT STATION, ID US","1956-12","5.4","-5.6","-1.3","-9.9"
"USC00102707","DUBOIS EXPERIMENT STATION, ID US","1957-01","20.6","-10.8","-5.9","-15.6"
"USC00102707","DUBOIS EXPERIMENT STATION, ID US","1957-02","12.2","-3.9","0.8","-8.5"
"USC00102707","DUBOIS EXPERIMENT STATION, ID US","1957-03","30.2","-0.1","5.0","-5.2"
"USC00102707","DUBOIS EXPERIMENT STATION, ID US","1957-04","26.0","4.9","11.2","-1.4"
"USC00102707","DUBOIS EXPERIMENT STATION, ID US","1957-05","124.0","11.2","17.1","5.4"
"USC00102707","DUBOIS EXPERIMENT STATION, ID US","1957-06","31.5","14.8","22.1","7.6"
"USC00102707","DUBOIS EXPERIMENT STATION, ID US","1957-07","12.1","20.4","30.0","10.8"
"USC00102707","DUBOIS EXPERIMENT STATION, ID US","1957-08","28.7","19.8","29.1","10.5"
"USC00102707","DUBOIS EXPERIMENT STATION, ID US","1957-09","2.3","14.6","23.2","5.9"
"USC00102707","DUBOIS EXPERIMENT STATION, ID US","1957-10","22.6","7.4","13.6","1.2"
"USC00102707","DUBOIS EXPERIMENT STATION, ID US","1957-11","14.3","-3.1","1.4","-7.5"
"USC00102707","DUBOIS EXPERIMENT STATION, ID US","1957-12","21.7","-4.9","-0.6","-9.1"
"USC00102707","DUBOIS EXPERIMENT STATION, ID US","1958-01","8.8","-5.5","-0.8","-10.2"
"USC00102707","DUBOIS EXPERIMENT STATION, ID US","1958-02","30.6","-1.2","2.4","-4.8"
"USC00102707","DUBOIS EXPERIMENT STATION, ID US","1958-03","40.1","-2.2","1.9","-6.3"
"USC00102707","DUBOIS EXPERIMENT STATION, ID US","1958-04","20.4","3.8","9.7","-2.1"
"USC00102707","DUBOIS EXPERIMENT STATION, ID US","1958-05","20.9","14.8","22.8","6.7"
"USC00102707","DUBOIS EXPERIMENT STATION, ID US","1958-06","45.9","16.7","24.0","9.3"
"USC00102707","DUBOIS EXPERIMENT STATION, ID US","1958-07","34.3","19.4","27.7","11.2"
"USC00102707","DUBOIS EXPERIMENT STATION, ID US","1958-08","6.1","21.4","30.2","12.6"
"USC00102707","DUBOIS EXPERIMENT STATION, ID US","1958-09","31.6","14.4","23.6","5.3"
"USC00102707","DUBOIS EXPERIMENT STATION, ID US","1958-10","0.0","9.4","17.5","1.4"
"USC00102707","DUBOIS EXPERIMENT STATION, ID US","1958-11","3.1","-0.7","4.4","-5.7"
"USC00102707","DUBOIS EXPERIMENT STATION, ID US","1958-12","11.1","-3.3","1.4","-8.0"
"USC00102707","DUBOIS EXPERIMENT STATION, ID US","1959-01","23.4","-5.9","-1.4","-10.3"
"USC00102707","DUBOIS EXPERIMENT STATION, ID US","1959-02","68.8","-5.0","-0.2","-9.7"
"USC00102707","DUBOIS EXPERIMENT STATION, ID US","1959-03","5.6","-2.4","2.9","-7.8"
"USC00102707","DUBOIS EXPERIMENT STATION, ID US","1959-04","4.0","6.3","14.0","-1.4"
"USC00102707","DUBOIS EXPERIMENT STATION, ID US","1959-05","68.6","8.0","14.9","1.1"
"USC00102707","DUBOIS EXPERIMENT STATION, ID US","1959-06","72.7","16.3","24.7","8.0"
"USC00102707","DUBOIS EXPERIMENT STATION, ID US","1959-07","8.0","20.2","29.6","10.9"
"USC00102707","DUBOIS EXPERIMENT STATION, ID US","1959-08","14.5","18.9","28.5","9.3"
"USC00102707","DUBOIS EXPERIMENT STATION, ID US","1959-09","27.5","12.6","19.8","5.4"
"USC00102707","DUBOIS EXPERIMENT STATION, ID US","1959-10","7.1","7.1","13.6","0.5"
"USC00102707","DUBOIS EXPERIMENT STATION, ID US","1959-11","2.6","-2.2","3.9","-8.3"
"USC00102707","DUBOIS EXPERIMENT STATION, ID US","1959-12","35.1","-4.4","0.6","-9.3"
"USC00102707","DUBOIS EXPERIMENT STATION, ID US","1960-01","26.2","-8.7","-4.7","-12.7"
"USC00102707","DUBOIS EXPERIMENT STATION, ID US","1960-02","22.8","-9.3","-4.8","-13.9"
"USC00102707","DUBOIS EXPERIMENT STATION, ID US","1960-03","17.4","-1.9","3.5","-7.2"
"USC00102707","DUBOIS EXPERIMENT STATION, ID US","1960-04","20.9","6.2","13.4","-1.1"
"USC00102707","DUBOIS EXPERIMENT STATION, ID US","1960-06","20.3","16.9","25.7","8.1"
"USC00102707","DUBOIS EXPERIMENT STATION, ID US","1960-07","2.4","22.6","31.7","13.4"
"USC00102707","DUBOIS EXPERIMENT STATION, ID US","1960-08","18.9","18.4","27.6","9.1"
"USC00102707","DUBOIS EXPERIMENT STATION, ID US","1960-09","7.7","15.7","24.0","7.4"
"USC00102707","DUBOIS EXPERIMENT STATION, ID US","1960-10","28.2","6.9","13.4","0.4"
"USC00102707","DUBOIS EXPERIMENT STATION, ID US","1960-11","40.3","-0.7","3.2","-4.6"
"USC00102707","DUBOIS EXPERIMENT STATION, ID US","1960-12","12.2","-5.4","-0.5","-10.4"
"USC00102707","DUBOIS EXPERIMENT STATION, ID US","1961-01","3.8","-5.1","0.1","-10.2"
"USC00102707","DUBOIS EXPERIMENT STATION, ID US","1961-02","33.6","-2.2","1.4","-5.8"
"USC00102707","DUBOIS EXPERIMENT STATION, ID US","1961-03","28.9","-0.1","4.7","-5.0"
"USC00102707","DUBOIS EXPERIMENT STATION, ID US","1961-04","11.2","4.6","11.2","-2.0"
"USC00102707","DUBOIS EXPERIMENT STATION, ID US","1961-05","41.6","11.0","18.1","3.9"
"USC00102707","DUBOIS EXPERIMENT STATION, ID US","1961-06","28.7","19.1","27.9","10.3"
"USC00102707","DUBOIS EXPERIMENT STATION, ID US","1961-07","10.2",,"31.4",
"USC00102707","DUBOIS EXPERIMENT STATION, ID US","1961-08","19.1",,,
"USC00102707","DUBOIS EXPERIMENT STATION, ID US","1961-09","61.6","10.1","16.6","3.6"
"USC00102707","DUBOIS EXPERIMENT STATION, ID US","1961-10","51.1","5.5","11.4","-0.4"
"USC00102707","DUBOIS EXPERIMENT STATION, ID US","1961-11","19.1","-1.3","3.1","-5.8"
"USC00102707","DUBOIS EXPERIMENT STATION, ID US","1961-12","21.1","-8.2","-4.1","-12.3"
"USC00102707","DUBOIS EXPERIMENT STATION, ID US","1962-01","9.5","-11.4","-6.9","-15.8"
"USC00102707","DUBOIS EXPERIMENT STATION, ID US","1962-02","51.6","-4.9","-1.1","-8.7"
"USC00102707","DUBOIS EXPERIMENT STATION, ID US","1962-03","19.0","-3.9","0.8","-8.7"
"USC00102707","DUBOIS EXPERIMENT STATION, ID US","1962-04","9.6","6.9","13.6","0.3"
"USC00102707","DUBOIS EXPERIMENT STATION, ID US","1962-05","93.3","10.1","16.4","3.8"
"USC00102707","DUBOIS EXPERIMENT STATION, ID US","1962-06","38.9","14.8","22.2","7.5"
"USC00102707","DUBOIS EXPERIMENT STATION, ID US","1962-07","57.8","18.8","26.9","10.7"
"USC00102707","DUBOIS EXPERIMENT STATION, ID US","1962-08","24.6","17.6","26.4","8.8"
"USC00102707","DUBOIS EXPERIMENT STATION, ID US","1962-09","15.9","14.8","23.5","6.0"
"USC00102707","DUBOIS EXPERIMENT STATION, ID US","1962-10","1.6","9.7","16.9","2.6"
"USC00102707","DUBOIS EXPERIMENT STATION, ID US","1962-11","12.4","1.9","6.9","-3.2"
"USC00102707","DUBOIS EXPERIMENT STATION, ID US","1962-12","6.9","-3.5","0.7","-7.6"
"USC00102707","DUBOIS EXPERIMENT STATION, ID US","1963-01","7.3","-11.3","-6.1","-16.5"
"USC00102707","DUBOIS EXPERIMENT STATION, ID US","1963-02","10.1","0.8","6.0","-4.5"
"USC00102707","DUBOIS EXPERIMENT STATION, ID US","1963-03","10.0","1.0","7.4","-5.4"
"USC00102707","DUBOIS EXPERIMENT STATION, ID US","1963-04","47.5","3.8","9.9","-2.2"
"USC00102707","DUBOIS EXPERIMENT STATION, ID US","1963-05","48.3","11.6","18.3","4.9"
"USC00102707","DUBOIS EXPERIMENT STATION, ID US","1963-06","72.0","13.4","20.1","6.7"
"USC00102707","DUBOIS EXPERIMENT STATION, ID US","1963-07","19.1","20.2","29.7","10.8"
"USC00102707","DUBOIS EXPERIMENT STATION, ID US","1963-08","6.5",,,
"USC00102707","DUBOIS EXPERIMENT STATION, ID US","1963-09","52.2","16.1","23.6","8.6"
"USC00102707","DUBOIS EXPERIMENT STATION, ID US","1963-10","9.5","10.5","17.6","3.5"
"USC00102707","DUBOIS EXPERIMENT STATION, ID US","1963-11","43.1","0.0","3.7","-3.8"
"USC00102707","DUBOIS EXPERIMENT STATION, ID US","1963-12","10.2","-7.8","-3.7","-11.9"
"USC00102707","DUBOIS EXPERIMENT STATION, ID US","1964-01","10.6","-10.0","-5.6","-14.4"
"USC00102707","DUBOIS EXPERIMENT STATION, ID US","1964-02","5.3","-10.1","-5.1","-15.2"
"USC00102707","DUBOIS EXPERIMENT STATION, ID US","1964-03","15.4","-6.7","-1.9","-11.6"
"USC00102707","DUBOIS EXPERIMENT STATION, ID US","1964-04","34.6","3.4","9.1","-2.4"
"USC00102707","DUBOIS EXPERIMENT STATION, ID US","1964-05","64.3","9.9","16.9","2.9"
"USC00102707","DUBOIS EXPERIMENT STATION, ID US","1964-06","89.7","12.6","18.5","6.8"
"USC00102707","DUBOIS EXPERIMENT STATION, ID US","1964-07","17.0","21.0","29.9","12.1"
"USC00102707","DUBOIS EXPERIMENT STATION, ID US","1964-08","28.5","18.0","27.0","9.1"
"USC00102707","DUBOIS EXPERIMENT STATION, ID US","1964-09","0.0","12.9","21.5","4.4"
"USC00102707","DUBOIS EXPERIMENT STATION, ID US","1964-10","30.0","8.7","16.2","1.2"
"USC00102707","DUBOIS EXPERIMENT STATION, ID US","1964-11","25.0","-1.1","3.1","-5.4"
"USC00102707","DUBOIS EXPERIMENT STATION, ID US","1964-12","41.7","-6.1","-1.6","-10.6"
"USC00102707","DUBOIS EXPERIMENT STATION, ID US","1965-01","23.7","-5.9","-1.8","-10.0"
"USC00102707","DUBOIS EXPERIMENT STATION, ID US","1965-02","0.8","-5.8","-1.5","-10.1"
"USC00102707","DUBOIS EXPERIMENT STATION, ID US","1965-03","0.0","-4.5","1.3","-10.3"
"USC00102707","DUBOIS EXPERIMENT STATION, ID US","1965-04","61.1","6.1","11.8","0.4"
"USC00102707","DUBOIS EXPERIMENT STATION, ID US","1965-05","8.2","9.1","16.3","2.0"
"USC00102707","DUBOIS EXPERIMENT STATION, ID US","1965-06","67.7","14.3","21.6","6.9"
"USC00102707","DUBOIS EXPERIMENT STATION, ID US","1965-07","24.2","18.9","27.2","10.6"
"USC00102707","DUBOIS EXPERIMENT STATION, ID US","1965-08","61.0","18.1","26.3","9.8"
"USC00102707","DUBOIS EXPERIMENT STATION, ID US","1965-09","5.9","9.8","17.2","2.5"
"USC00102707","DUBOIS EXPERIMENT STATION, ID US","1965-10","3.1","9.7","17.6","1.7"
"USC00102707","DUBOIS EXPERIMENT STATION, ID US","1965-11","35.1","2.7","7.5","-2.0"
"USC00102707","DUBOIS EXPERIMENT STATION, ID US","1965-12","14.5","-4.0","0.0","-8.1"
"USC00102707","DUBOIS EXPERIMENT STATION, ID US","1966-01","6.7","-6.0","-1.4","-10.6"
"USC00102707","DUBOIS EXPERIMENT STATION, ID US","1966-02","10.0","-5.9","-0.3","-11.5"
"USC00102707","DUBOIS EXPERIMENT STATION, ID US","1966-03","6.5","-0.1","6.0","-6.1"
"USC00102707","DUBOIS EXPERIMENT STATION, ID US","1966-04","16.8","5.3","12.4","-1.8"
"USC00102707","DUBOIS EXPERIMENT STATION, ID US","1966-05","17.8","13.1","22.1","4.2"
"USC00102707","DUBOIS EXPERIMENT STATION, ID US","1966-06","23.4","15.8","24.3","7.4"
"USC00102707","DUBOIS EXPERIMENT STATION, ID US","1966-07","12.1","21.9","31.8","11.9"
"USC00102707","DUBOIS EXPERIMENT STATION, ID US","1966-08","5.9","19.3","28.4","10.3"
"USC00102707","DUBOIS EXPERIMENT STATION, ID US","1966-09","44.7","16.2","24.2","8.3"
"USC00102707","DUBOIS EXPERIMENT STATION, ID US","1966-10","8.9","6.2","13.2","-0.8"
"USC00102707","DUBOIS EXPERIMENT STATION, ID US","1966-11","5.9","0.8","5.2","-3.7"
"USC00102707","DUBOIS EXPERIMENT STATION, ID US","1966-12","50.7","-5.7","-1.9","-9.6"
"USC00102707","DUBOIS EXPERIMENT STATION, ID US","1967-01","28.0","-5.4","-2.1","-8.8"
"USC00102707","DUBOIS EXPERIMENT STATION, ID US","1967-02","1.8","-5.0","-0.4","-9.7"
"USC00102707","DUBOIS EXPERIMENT STATION, ID US","1967-03","25.5","-1.0","3.6","-5.6"
"USC00102707","DUBOIS EXPERIMENT STATION, ID US","1967-04","39.4","3.3","9.3","-2.7"
"USC00102707","DUBOIS EXPERIMENT STATION, ID US","1967-05","44.5","10.8","18.1","3.5"
"USC00102707","DUBOIS EXPERIMENT STATION, ID US","1967-06","102.8","13.8","20.1","7.5"
"USC00102707","DUBOIS EXPERIMENT STATION, ID US","1967-07","65.6","20.1","28.6","11.6"
"USC00102707","DUBOIS EXPERIMENT STATION, ID US","1967-08","7.9","21.4","30.9","11.9"
"USC00102707","DUBOIS EXPERIMENT STATION, ID US","1967-09","3.3","16.7","25.1","8.4"
"USC00102707","DUBOIS EXPERIMENT STATION, ID US","1967-10","17.7","7.2","14.3","0.0"
"USC00102707","DUBOIS EXPERIMENT STATION, ID US","1967-11","22.6","0.2","5.4","-5.0"
"USC00102707","DUBOIS EXPERIMENT STATION, ID US","1967-12","11.9","-9.1","-4.4","-13.8"
"USC00102707","DUBOIS EXPERIMENT STATION, ID US","1968-01","12.8","-7.6","-2.8","-12.5"
"USC00102707","DUBOIS EXPERIMENT STATION, ID US","1968-02","5.7","-2.3","1.9","-6.6"
"USC00102707","DUBOIS EXPERIMENT STATION, ID US","1968-03","16.6","2.2","8.0","-3.6"
"USC00102707","DUBOIS EXPERIMENT STATION, ID US","1968-04","4.8","4.0","11.2","-3.3"
"USC00102707","DUBOIS EXPERIMENT STATION, ID US","1968-05","75.0","9.3","16.2","2.4"
"USC00102707","DUBOIS EXPERIMENT STATION, ID US","1968-06","62.5","14.5","22.3","6.7"
"USC00102707","DUBOIS EXPERIMENT STATION, ID US","1968-07","6.4","20.6","30.3","11.0"
"USC00102707","DUBOIS EXPERIMENT STATION, ID US","1968-08","84.0","16.1","23.4","8.9"
"USC00102707","DUBOIS EXPERIMENT STATION, ID US","1968-09","17.0","12.7","20.4","4.9"
"USC00102707","DUBOIS EXPERIMENT STATION, ID US","1968-10","26.5","6.9","13.6","0.2"
"USC00102707","DUBOIS EXPERIMENT STATION, ID US","1968-11","48.2","-2.1","2.0","-6.2"
"USC00102707","DUBOIS EXPERIMENT STATION, ID US","1968-12","20.5","-7.4","-3.2","-11.7"
"USC00102707","DUBOIS EXPERIMENT STATION, ID US","1969-01","69.7","-6.7","-2.7","-10.7"
"USC00102707","DUBOIS EXPERIMENT STATION, ID US","1969-02","45.5","-5.3","-1.1","-9.4"
"USC00102707","DUBOIS EXPERIMENT STATION, ID US","1969-03","6.9","-4.4","1.1","-9.9"
"USC00102707","DUBOIS EXPERIMENT STATION, ID US","1969-04","10.1","6.0","11.9","0.0"
"USC00102707","DUBOIS EXPERIMENT STATION, ID US","1969-05","21.5","13.4","21.3","5.5"
"USC00102707","DUBOIS EXPERIMENT STATION, ID US","1969-06","77.1","14.2","21.6","6.8"
"USC00102707","DUBOIS EXPERIMENT STATION, ID US","1969-07","7.2","20.0","29.0","11.0"
"USC00102707","DUBOIS EXPERIMENT STATION, ID US","1969-08","1.3","21.1","31.3","10.9"
"USC00102707","DUBOIS EXPERIMENT STATION, ID US","1969-09","14.9","15.3","23.9","6.7"
"USC00102707","DUBOIS EXPERIMENT STATION, ID US","1969-10","7.1","4.6","11.1","-2.0"
"USC00102707","DUBOIS EXPERIMENT STATION, ID US","1969-11","38.7","0.2","5.6","-5.2"
"USC00102707","DUBOIS EXPERIMENT STATION, ID US","1969-12","24.2","-3.7","0.8","-8.3"
"USC00102707","DUBOIS EXPERIMENT STATION, ID US","1970-01","19.7","-5.5","-1.9","-9.2"
"USC00102707","DUBOIS EXPERIMENT STATION, ID US","1970-02","1.2","-1.4","4.5","-7.2"
"USC00102707","DUBOIS EXPERIMENT STATION, ID US","1970-03","22.0","-1.4","3.6","-6.3"
"USC00102707","DUBOIS EXPERIMENT STATION, ID US","1970-04","23.3","1.8","7.7","-4.2"
"USC00102707","DUBOIS EXPERIMENT STATION, ID US","1970-05","43.1","10.5","17.9","3.1"
"USC00102707","DUBOIS EXPERIMENT STATION, ID US","1970-06","67.8","15.8","23.4","8.1"
"USC00102707","DUBOIS EXPERIMENT STATION, ID US","1970-07","21.6","19.8","29.0","10.5"
"USC00102707","DUBOIS EXPERIMENT STATION, ID US","1970-08","8.7","21.0","31.1","10.9"
"USC00102707","DUBOIS EXPERIMENT STATION, ID US","1970-09","33.7","10.7","19.1","2.3"
"USC00102707","DUBOIS EXPERIMENT STATION, ID US","1970-10","23.7","4.2","10.7","-2.3"
"USC00102707","DUBOIS EXPERIMENT STATION, ID US","1970-11","66.3","-0.1","3.8","-4.0"
"USC00102707","DUBOIS EXPERIMENT STATION, ID US","1970-12","28.7","-7.3","-3.4","-11.1"
"USC00102707","DUBOIS EXPERIMENT STATION, ID US","1971-01","12.4","-7.7","-4.1","-11.4"
"USC00102707","DUBOIS EXPERIMENT STATION, ID US","1971-02","17.1","-5.5","-0.9","-10.0"
"USC00102707","DUBOIS EXPERIMENT STATION, ID US","1971-03","11.5","-3.7","1.2","-8.6"
"USC00102707","DUBOIS EXPERIMENT STATION, ID US","1971-04","35.8","4.3","10.1","-1.4"
"USC00102707","DUBOIS EXPERIMENT STATION, ID US","1971-05","31.2","11.1","18.3","3.9"
"USC00102707","DUBOIS EXPERIMENT STATION, ID US","1971-06","51.1","14.5","22.1","6.9"
"USC00102707","DUBOIS EXPERIMENT STATION, ID US","1971-07","14.5","19.3","28.3","10.4"
"USC00102707","DUBOIS EXPERIMENT STATION, ID US","1971-08","40.9","21.7","31.3","12.1"
"USC00102707","DUBOIS EXPERIMENT STATION, ID US","1971-09","23.1","10.8","18.8","2.8"
"USC00102707","DUBOIS EXPERIMENT STATION, ID US","1971-10","11.4","5.6","11.7","-0.6"
"USC00102707","DUBOIS EXPERIMENT STATION, ID US","1971-11","27.7","-2.0","2.4","-6.4"
"USC00102707","DUBOIS EXPERIMENT STATION, ID US","1971-12","44.0","-9.6","-5.1","-14.0"
"USC00102707","DUBOIS EXPERIMENT STATION, ID US","1972-01","6.6","-10.0","-5.6","-14.3"
"USC00102707","DUBOIS EXPERIMENT STATION, ID US","1972-02","1.1","-5.1","-0.8","-9.4"
"USC00102707","DUBOIS EXPERIMENT STATION, ID US","1972-03","15.5","1.6","7.1","-3.8"
"USC00102707","DUBOIS EXPERIMENT STATION, ID US","1972-04","3.6","5.2","12.3","-1.9"
"USC00102707","DUBOIS EXPERIMENT STATION, ID US","1972-05","20.6","11.3","18.9","3.8"
"USC00102707","DUBOIS EXPERIMENT STATION, ID US","1972-06","49.6","16.2","24.2","8.1"
"USC00102707","DUBOIS EXPERIMENT STATION, ID US","1972-07","10.2","19.0","27.5","10.6"
"USC00102707","DUBOIS EXPERIMENT STATION, ID US","1972-08","36.4","19.9","28.2","11.5"
"USC00102707","DUBOIS EXPERIMENT STATION, ID US","1972-09","27.7","11.9","19.6","4.1"
"USC00102707","DUBOIS EXPERIMENT STATION, ID US","1972-10","33.3","7.9","14.1","1.7"
"USC00102707","DUBOIS EXPERIMENT STATION, ID US","1972-11","29.3","-0.8","2.6","-4.2"
"USC00102707","DUBOIS EXPERIMENT STATION, ID US","1972-12","7.6","-9.4","-5.1","-13.6"
"USC00102707","DUBOIS EXPERIMENT STATION, ID US","1973-01","30.0","-8.8","-4.3","-13.3"
"USC00102707","DUBOIS EXPERIMENT STATION, ID US","1973-02","14.3","-5.1","-0.3","-9.9"
"USC00102707","DUBOIS EXPERIMENT STATION, ID US","1973-03","13.4","-1.8","2.8","-6.4"
"USC00102707","DUBOIS EXPERIMENT STATION, ID US","1973-04","17.0","3.4","8.8","-2.0"
"USC00102707","DUBOIS EXPERIMENT STATION, ID US","1973-05","21.9","11.4","19.2","3.6"
"USC00102707","DUBOIS EXPERIMENT STATION, ID US","1973-06","50.5","15.3","23.2","7.3"
"USC00102707","DUBOIS EXPERIMENT STATION, ID US","1973-07","36.8","20.2","28.5","11.8"
"USC00102707","DUBOIS EXPERIMENT STATION, ID US","1973-08","7.4","20.0","28.8","11.2"
"USC00102707","DUBOIS EXPERIMENT STATION, ID US","1973-09","33.5","13.4","21.7","5.1"
"USC00102707","DUBOIS EXPERIMENT STATION, ID US","1973-10","4.3","8.0","15.2","0.9"
"USC00102707","DUBOIS EXPERIMENT STATION, ID US","1973-11","49.6","-1.2","2.3","-4.7"
"USC00102707","DUBOIS EXPERIMENT STATION, ID US","1973-12","25.7","-5.3","-1.0","-9.6"
"USC00102707","DUBOIS EXPERIMENT STATION, ID US","1974-01","9.7","-8.7","-4.5","-12.8"
"USC00102707","DUBOIS EXPERIMENT STATION, ID US","1974-02","4.1","-6.0","-1.2","-10.7"
"USC00102707","DUBOIS EXPERIMENT STATION, ID US","1974-03","49.2","-1.7","2.9","-6.2"
"USC00102707","DUBOIS EXPERIMENT STATION, ID US","1974-04","4.3","5.7","12.4","-1.1"
"USC00102707","DUBOIS EXPERIMENT STATION, ID US","1974-05","11.4","10.1","17.7","2.6"
"USC00102707","DUBOIS EXPERIMENT STATION, ID US","1974-06","0.8","18.4","27.5","9.4"
"USC00102707","DUBOIS EXPERIMENT STATION, ID US","1974-07","6.9","21.3","30.4","12.1"
"USC00102707","DUBOIS EXPERIMENT STATION, ID US","1974-08","30.8","18.4","27.1","9.7"
"USC00102707","DUBOIS EXPERIMENT STATION, ID US","1974-09","0.0","15.1","24.4","5.9"
"USC00102707","DUBOIS EXPERIMENT STATION, ID US","1974-10","40.9","8.6","15.8","1.5"
"USC00102707","DUBOIS EXPERIMENT STATION, ID US","1974-11","11.4","0.3","4.6","-4.1"
"USC00102707","DUBOIS EXPERIMENT STATION, ID US","1974-12","29.2","-7.0","-2.2","-11.8"
"USC00102707","DUBOIS EXPERIMENT STATION, ID US","1975-01","15.5","-10.0","-5.2","-14.9"
"USC00102707","DUBOIS EXPERIMENT STATION, ID US","1975-02","20.1","-7.6","-2.5","-12.8"
"USC00102707","DUBOIS EXPERIMENT STATION, ID US","1975-03","27.4","-3.2","1.4","-7.7"
"USC00102707","DUBOIS EXPERIMENT STATION, ID US","1975-04","57.7","-0.4","4.1","-4.9"
"USC00102707","DUBOIS EXPERIMENT STATION, ID US","1975-05","37.6","7.8","14.6","1.0"
"USC00102707","DUBOIS EXPERIMENT STATION, ID US","1975-06","50.4","13.4","21.0","5.8"
"USC00102707","DUBOIS EXPERIMENT STATION, ID US","1975-07","23.3","21.6","29.9","13.2"
"USC00102707","DUBOIS EXPERIMENT STATION, ID US","1975-08","9.9","17.8","26.4","9.1"
"USC00102707","DUBOIS EXPERIMENT STATION, ID US","1975-09","19.1","14.9","23.6","6.2"
"USC00102707","DUBOIS EXPERIMENT STATION, ID US","1975-10","27.4","6.6","12.8","0.5"
"USC00102707","DUBOIS EXPERIMENT STATION, ID US","1975-11","16.0","-2.5","2.3","-7.3"
"USC00102707","DUBOIS EXPERIMENT STATION, ID US","1975-12","19.6","-4.2","-0.6","-7.9"
"USC00102707","DUBOIS EXPERIMENT STATION, ID US","1976-01","13.7","-6.8","-2.5","-11.1"
"USC00102707","DUBOIS EXPERIMENT STATION, ID US","1976-02","5.1","-5.0","-0.1","-10.0"
"USC00102707","DUBOIS EXPERIMENT STATION, ID US","1976-03","15.0","-4.2","1.0","-9.5"
"USC00102707","DUBOIS EXPERIMENT STATION, ID US","1976-04","29.3","4.7","10.5","-1.1"
"USC00102707","DUBOIS EXPERIMENT STATION, ID US","1976-05","20.3","12.1","19.9","4.4"
"USC00102707","DUBOIS EXPERIMENT STATION, ID US","1976-06","42.4","14.4","22.6","6.2"
"USC00102707","DUBOIS EXPERIMENT STATION, ID US","1976-07","15.8","21.4","30.5","12.4"
"USC00102707","DUBOIS EXPERIMENT STATION, ID US","1976-08","46.4","17.5","26.2","8.9"
"USC00102707","DUBOIS EXPERIMENT STATION, ID US","1976-09","56.9","15.1","23.0","7.3"
"USC00102707","DUBOIS EXPERIMENT STATION, ID US","1976-10","31.8","6.5","13.3","-0.3"
"USC00102707","DUBOIS EXPERIMENT STATION, ID US","1976-11","0.0","1.0","6.9","-4.9"
"USC00102707","DUBOIS EXPERIMENT STATION, ID US","1976-12","0.0","-4.1","1.0","-9.3"
"USC00102707","DUBOIS EXPERIMENT STATION, ID US","1977-01","18.1","-9.1","-4.2","-13.9"
"USC00102707","DUBOIS EXPERIMENT STATION, ID US","1977-02","5.3","-3.8","1.8","-9.4"
"USC00102707","DUBOIS EXPERIMENT STATION, ID US","1977-03","17.3","-1.3","4.0","-6.7"
"USC00102707","DUBOIS EXPERIMENT STATION, ID US","1977-04","5.6","8.9","17.2","0.7"
"USC00102707","DUBOIS EXPERIMENT STATION, ID US","1977-05","90.1","8.6","14.8","2.4"
"USC00102707","DUBOIS EXPERIMENT STATION, ID US","1977-06","48.3","18.1","26.0","10.2"
"USC00102707","DUBOIS EXPERIMENT STATION, ID US","1977-07","93.2","20.3","28.9","11.8"
"USC00102707","DUBOIS EXPERIMENT STATION, ID US","1977-08","25.8","18.5","26.8","10.2"
"USC00102707","DUBOIS EXPERIMENT STATION, ID US","1977-09","54.1","13.6","21.8","5.3"
"USC00102707","DUBOIS EXPERIMENT STATION, ID US","1977-10","3.8","8.0","15.5","0.5"
"USC00102707","DUBOIS EXPERIMENT STATION, ID US","1977-11","14.3","-1.4","3.7","-6.6"
"USC00102707","DUBOIS EXPERIMENT STATION, ID US","1977-12","38.4","-4.7","-0.7","-8.6"
"USC00102707","DUBOIS EXPERIMENT STATION, ID US","1978-01","23.9","-4.7","-1.4","-8.1"
"USC00102707","DUBOIS EXPERIMENT STATION, ID US","1978-02","29.5","-4.5","-0.4","-8.5"
"USC00102707","DUBOIS EXPERIMENT STATION, ID US","1978-03","8.4","0.9","5.9","-4.1"
"USC00102707","DUBOIS EXPERIMENT STATION, ID US","1978-04","82.1","5.4","11.2","-0.3"
"USC00102707","DUBOIS EXPERIMENT STATION, ID US","1978-05","6.9","9.9","17.0","2.8"
"USC00102707","DUBOIS EXPERIMENT STATION, ID US","1978-06","11.5","16.0","24.3","7.7"
"USC00102707","DUBOIS EXPERIMENT STATION, ID US","1978-07","21.6","20.2","29.0","11.3"
"USC00102707","DUBOIS EXPERIMENT STATION, ID US","1978-08","2.0","18.5","27.2","9.8"
"USC00102707","DUBOIS EXPERIMENT STATION, ID US","1978-09","50.9","13.0","20.7","5.3"
"USC00102707","DUBOIS EXPERIMENT STATION, ID US","1978-10","5.6","8.6","16.8","0.5"
"USC00102707","DUBOIS EXPERIMENT STATION, ID US","1978-11","11.0","-2.7","2.5","-8.0"
"USC00102707","DUBOIS EXPERIMENT STATION, ID US","1978-12","22.4","-11.4","-6.3","-16.4"
"USC00102707","DUBOIS EXPERIMENT STATION, ID US","1979-01","15.5","-11.9","-7.5","-16.4"
"USC00102707","DUBOIS EXPERIMENT STATION, ID US","1979-02","27.1","-5.8","-1.1","-10.5"
"USC00102707","DUBOIS EXPERIMENT STATION, ID US","1979-03","20.3","-1.3","4.0","-6.6"
"USC00102707","DUBOIS EXPERIMENT STATION, ID US","1979-04","3.1","4.5","11.2","-2.1"
"USC00102707","DUBOIS EXPERIMENT STATION, ID US","1979-05","15.2","11.5","19.1","4.0"
"USC00102707","DUBOIS EXPERIMENT STATION, ID US","1979-06","19.3","16.3","25.3","7.3"
"USC00102707","DUBOIS EXPERIMENT STATION, ID US","1979-07","31.6","20.6","29.9","11.3"
"USC00102707","DUBOIS EXPERIMENT STATION, ID US","1979-08","39.1","19.2","27.8","10.5"
"USC00102707","DUBOIS EXPERIMENT STATION, ID US","1979-09","6.1","16.7","26.4","7.0"
"USC00102707","DUBOIS EXPERIMENT STATION, ID US","1979-10","20.6","8.6","15.9","1.3"
"USC00102707","DUBOIS EXPERIMENT STATION, ID US","1979-11","22.6","-2.7","2.6","-8.1"
"USC00102707","DUBOIS EXPERIMENT STATION, ID US","1979-12","9.1","-3.5","1.2","-8.2"
"USC00102707","DUBOIS EXPERIMENT STATION, ID US","1980-01","14.3","-8.0","-3.5","-12.6"
"USC00102707","DUBOIS EXPERIMENT STATION, ID US","1980-02","34.8","-2.3","2.1","-6.6"
"USC00102707","DUBOIS EXPERIMENT STATION, ID US","1980-03","9.5","-0.1","5.3","-5.5"
"USC00102707","DUBOIS EXPERIMENT STATION, ID US","1980-04","10.1","7.8","14.9","0.7"
"USC00102707","DUBOIS EXPERIMENT STATION, ID US","1980-05","113.6","10.3","16.6","4.1"
"USC00102707","DUBOIS EXPERIMENT STATION, ID US","1980-06","38.5","14.5","21.7","7.3"
"USC00102707","DUBOIS EXPERIMENT STATION, ID US","1980-07","26.3","19.9","28.5","11.2"
"USC00102707","DUBOIS EXPERIMENT STATION, ID US","1980-08","25.0","18.0","26.1","9.9"
"USC00102707","DUBOIS EXPERIMENT STATION, ID US","1980-09","44.7","14.1","21.9","6.3"
"USC00102707","DUBOIS EXPERIMENT STATION, ID US","1980-10","17.1","7.8","14.8","0.8"
"USC00102707","DUBOIS EXPERIMENT STATION, ID US","1980-11","16.3","0.4","5.5","-4.7"
"USC00102707","DUBOIS EXPERIMENT STATION, ID US","1980-12","18.3","-1.9","2.1","-5.9"
"USC00102707","DUBOIS EXPERIMENT STATION, ID US","1981-01","34.5","-0.7","4.5","-5.9"
"USC00102707","DUBOIS EXPERIMENT STATION, ID US","1981-02","14.4","-3.1","2.1","-8.3"
"USC00102707","DUBOIS EXPERIMENT STATION, ID US","1981-03","14.5","3.0","9.0","-3.1"
"USC00102707","DUBOIS EXPERIMENT STATION, ID US","1981-04","38.7","7.5","14.7","0.4"
"USC00102707","DUBOIS EXPERIMENT STATION, ID US","1981-05","94.9","10.7","17.2","4.1"
"USC00102707","DUBOIS EXPERIMENT STATION, ID US","1981-06","9.1","15.3","23.5","7.1"
"USC00102707","DUBOIS EXPERIMENT STATION, ID US","1981-07","15.9","20.8","30.1","11.4"
"USC00102707","DUBOIS EXPERIMENT STATION, ID US","1981-08","3.8","22.3","31.8","12.8"
"USC00102707","DUBOIS EXPERIMENT STATION, ID US","1981-09","12.5","16.6","25.7","7.5"
"USC00102707","DUBOIS EXPERIMENT STATION, ID US","1981-10","41.4","6.5","13.2","-0.3"
"USC00102707","DUBOIS EXPERIMENT STATION, ID US","1981-11","33.7","2.0","7.3","-3.3"
"USC00102707","DUBOIS EXPERIMENT STATION, ID US","1981-12","37.6","-5.0","-0.4","-9.7"
"USC00102707","DUBOIS EXPERIMENT STATION, ID US","1982-01","14.5","-8.8","-4.0","-13.5"
"USC00102707","DUBOIS EXPERIMENT STATION, ID US","1982-02","14.5","-6.7","-1.8","-11.7"
"USC00102707","DUBOIS EXPERIMENT STATION, ID US","1982-03","61.6","-0.1","4.6","-4.9"
"USC00102707","DUBOIS EXPERIMENT STATION, ID US","1982-04","18.4","3.0","9.8","-3.7"
"USC00102707","DUBOIS EXPERIMENT STATION, ID US","1982-05","35.2","10.0","17.6","2.4"
"USC00102707","DUBOIS EXPERIMENT STATION, ID US","1982-06","54.5","14.9","22.7","7.0"
"USC00102707","DUBOIS EXPERIMENT STATION, ID US","1982-07","38.3","19.0","27.3","10.8"
"USC00102707","DUBOIS EXPERIMENT STATION, ID US","1982-08","6.4","21.4","30.7","12.0"
"USC00102707","DUBOIS EXPERIMENT STATION, ID US","1982-09","32.3","13.8","21.1","6.5"
"USC00102707","DUBOIS EXPERIMENT STATION, ID US","1982-10","46.8","6.2","12.1","0.3"
"USC00102707","DUBOIS EXPERIMENT STATION, ID US","1982-11","33.5","-2.6","2.1","-7.2"
"USC00102707","DUBOIS EXPERIMENT STATION, ID US","1982-12","55.7","-6.4","-2.2","-10.5"
"USC00102707","DUBOIS EXPERIMENT STATION, ID US","1983-01","18.3","-3.5","0.7","-7.8"
"USC00102707","DUBOIS EXPERIMENT STATION, ID US","1983-02","38.3","-2.7","2.3","-7.8"
"USC00102707","DUBOIS EXPERIMENT STATION, ID US","1983-03","54.0","0.7","4.8","-3.4"
"USC00102707","DUBOIS EXPERIMENT STATION, ID US","1983-04","16.1","3.3","9.2","-2.6"
"USC00102707","DUBOIS EXPERIMENT STATION, ID US","1983-05","35.4","9.9","17.0","2.9"
"USC00102707","DUBOIS EXPERIMENT STATION, ID US","1983-06","67.9","14.3","21.8","6.7"
"USC00102707","DUBOIS EXPERIMENT STATION, ID US","1983-07","42.1","18.7","26.8","10.6"
"USC00102707","DUBOIS EXPERIMENT STATION, ID US","1983-08","48.4","20.9","29.3","12.4"
"USC00102707","DUBOIS EXPERIMENT STATION, ID US","1983-09","48.8","14.5","23.1","5.9"
"USC00102707","DUBOIS EXPERIMENT STATION, ID US","1983-10","42.0","8.7","14.9","2.5"
"USC00102707","DUBOIS EXPERIMENT STATION, ID US","1983-11","78.7","-0.2","3.4","-3.7"
"USC00102707","DUBOIS EXPERIMENT STATION, ID US","1983-12","41.5","-9.9","-5.7","-14.2"
"USC00102707","DUBOIS EXPERIMENT STATION, ID US","1984-01","7.8","-8.1","-4.0","-12.1"
"USC00102707","DUBOIS EXPERIMENT STATION, ID US","1984-02","17.6","-6.1","-0.4","-11.9"
"USC00102707","DUBOIS EXPERIMENT STATION, ID US","1984-03","21.4","-1.4","3.2","-6.0"
"USC00102707","DUBOIS EXPERIMENT STATION, ID US","1984-04","56.5","3.1","8.4","-2.2"
"USC00102707","DUBOIS EXPERIMENT STATION, ID US","1984-05","31.7","10.4","17.9","2.9"
"USC00102707","DUBOIS EXPERIMENT STATION, ID US","1984-06","87.0","13.5","20.6","6.3"
"USC00102707","DUBOIS EXPERIMENT STATION, ID US","1984-07","79.0","20.1","28.3","11.8"
"USC00102707","DUBOIS EXPERIMENT STATION, ID US","1984-08","66.3","19.7","27.9","11.6"
"USC00102707","DUBOIS EXPERIMENT STATION, ID US","1984-09","9.2","12.7","21.2","4.3"
"USC00102707","DUBOIS EXPERIMENT STATION, ID US","1984-10","24.2","4.7","10.7","-1.3"
"USC00102707","DUBOIS EXPERIMENT STATION, ID US","1984-11","42.4","-0.9","3.2","-5.1"
"USC00102707","DUBOIS EXPERIMENT STATION, ID US","1984-12","11.2","-8.9","-4.1","-13.6"
"USC00102707","DUBOIS EXPERIMENT STATION, ID US","1985-01","14.4","-9.4","-4.2","-14.6"
"USC00102707","DUBOIS EXPERIMENT STATION, ID US","1985-02","13.2","-9.7","-3.9","-15.5"
"USC00102707","DUBOIS EXPERIMENT STATION, ID US","1985-03","33.1","-3.4","2.8","-9.5"
"USC00102707","DUBOIS EXPERIMENT STATION, ID US","1985-04","7.1","6.6","13.8","-0.5"
"USC00102707","DUBOIS EXPERIMENT STATION, ID US","1985-05","44.4","12.4","20.7","4.1"
"USC00102707","DUBOIS EXPERIMENT STATION, ID US","1985-06","12.9","16.7","25.8","7.6"
"USC00102707","DUBOIS EXPERIMENT STATION, ID US","1985-07","35.2","21.7","31.0","12.4"
"USC00102707","DUBOIS EXPERIMENT STATION, ID US","1985-08","7.1","18.0","27.6","8.5"
"USC00102707","DUBOIS EXPERIMENT STATION, ID US","1985-09","62.4","10.2","17.6","2.8"
"USC00102707","DUBOIS EXPERIMENT STATION, ID US","1985-10","2.9","5.4","12.6","-1.9"
"USC00102707","DUBOIS EXPERIMENT STATION, ID US","1985-11","44.8","-6.3","-1.6","-11.0"
"USC00102707","DUBOIS EXPERIMENT STATION, ID US","1985-12","23.7","-8.6","-3.8","-13.4"
"USC00102707","DUBOIS EXPERIMENT STATION, ID US","1986-01","11.9","-4.2","0.7","-9.1"
"USC00102707","DUBOIS EXPERIMENT STATION, ID US","1986-02","24.4","-2.9","1.2","-6.9"
"USC00102707","DUBOIS EXPERIMENT STATION, ID US","1986-03","30.2","4.0","9.9","-1.9"
"USC00102707","DUBOIS EXPERIMENT STATION, ID US","1986-04","50.0","5.9","12.6","-0.8"
"USC00102707","DUBOIS EXPERIMENT STATION, ID US","1986-05","40.0","10.6","18.5","2.8"
"USC00102707","DUBOIS EXPERIMENT STATION, ID US","1986-06","46.7","18.3","27.1","9.5"
"USC00102707","DUBOIS EXPERIMENT STATION, ID US","1986-07","15.5","18.2","27.2","9.1"
"USC00102707","DUBOIS EXPERIMENT STATION, ID US","1986-08","52.1","20.5","29.5","11.5"
"USC00102707","DUBOIS EXPERIMENT STATION, ID US","1986-09","23.5","10.9","17.6","4.1"
"USC00102707","DUBOIS EXPERIMENT STATION, ID US","1986-10","2.3","8.0","15.4","0.7"
"USC00102707","DUBOIS EXPERIMENT STATION, ID US","1986-11","9.7","-0.9","4.3","-6.1"
"USC00102707","DUBOIS EXPERIMENT STATION, ID US","1986-12","6.1","-3.9","1.7","-9.5"
"USC00102707","DUBOIS EXPERIMENT STATION, ID US","1987-01","30.0","-7.5","-2.3","-12.6"
"USC00102707","DUBOIS EXPERIMENT STATION, ID US","1987-02","23.5","-2.2","3.1","-7.4"
"USC00102707","DUBOIS EXPERIMENT STATION, ID US","1987-03","27.2","1.7","7.3","-3.9"
"USC00102707","DUBOIS EXPERIMENT STATION, ID US","1987-04","0.5","10.0","19.0","1.1"
"USC00102707","DUBOIS EXPERIMENT STATION, ID US","1987-05","81.0","13.1","20.6","5.6"
"USC00102707","DUBOIS EXPERIMENT STATION, ID US","1987-06","16.1","17.0","25.7","8.2"
"USC00102707","DUBOIS EXPERIMENT STATION, ID US","1987-07","65.1","18.7","27.0","10.5"
"USC00102707","DUBOIS EXPERIMENT STATION, ID US","1987-08","15.7","18.2","27.1","9.3"
"USC00102707","DUBOIS EXPERIMENT STATION, ID US","1987-09","0.0","16.7","26.1","7.4"
"USC00102707","DUBOIS EXPERIMENT STATION, ID US","1987-10","0.8","9.8","18.3","1.3"
"USC00102707","DUBOIS EXPERIMENT STATION, ID US","1987-11","40.8","1.5","6.1","-3.1"
"USC00102707","DUBOIS EXPERIMENT STATION, ID US","1987-12","20.4","-5.0","-0.4","-9.7"
"USC00102707","DUBOIS EXPERIMENT STATION, ID US","1988-01","21.1","-8.2","-2.9","-13.5"
"USC00102707","DUBOIS EXPERIMENT STATION, ID US","1988-02","2.0","-4.1","1.6","-9.7"
"USC00102707","DUBOIS EXPERIMENT STATION, ID US","1988-03","12.2","0.4","6.0","-5.2"
"USC00102707","DUBOIS EXPERIMENT STATION, ID US","1988-04","57.4","8.5","15.9","1.0"
"USC00102707","DUBOIS EXPERIMENT STATION, ID US","1988-05","12.5","11.8","19.9","3.7"
"USC00102707","DUBOIS EXPERIMENT STATION, ID US","1988-06","15.8","19.1","29.0","9.3"
"USC00102707","DUBOIS EXPERIMENT STATION, ID US","1988-07","6.6","22.4","32.1","12.6"
"USC00102707","DUBOIS EXPERIMENT STATION, ID US","1988-08","5.3","20.5","30.7","10.3"
"USC00102707","DUBOIS EXPERIMENT STATION, ID US","1988-09","10.1","14.8","23.6","5.9"
"USC00102707","DUBOIS EXPERIMENT STATION, ID US","1988-10","0.0","12.3","20.6","3.9"
"USC00102707","DUBOIS EXPERIMENT STATION, ID US","1988-11","65.2","-1.9","2.3","-6.1"
"USC00102707","DUBOIS EXPERIMENT STATION, ID US","1988-12","30.8","-7.4","-2.8","-12.1"
"USC00102707","DUBOIS EXPERIMENT STATION, ID US","1989-01","25.6","-9.7","-4.2","-15.2"
"USC00102707","DUBOIS EXPERIMENT STATION, ID US","1989-02","19.8","-8.9","-3.6","-14.2"
"USC00102707","DUBOIS EXPERIMENT STATION, ID US","1989-03","30.3","0.3","4.7","-4.1"
"USC00102707","DUBOIS EXPERIMENT STATION, ID US","1989-04","4.9","7.5","15.3","-0.2"
"USC00102707","DUBOIS EXPERIMENT STATION, ID US","1989-05","21.1","11.1","19.1","3.1"
"USC00102707","DUBOIS EXPERIMENT STATION, ID US","1989-06","30.9","15.9","24.6","7.2"
"USC00102707","DUBOIS EXPERIMENT STATION, ID US","1989-07","14.8","21.9","31.9","11.9"
"USC00102707","DUBOIS EXPERIMENT STATION, ID US","1989-08","67.6","17.7","26.4","8.9"
"USC00102707","DUBOIS EXPERIMENT STATION, ID US","1989-09","21.7","13.9","23.1","4.6"
"USC00102707","DUBOIS EXPERIMENT STATION, ID US","1989-10","34.9","6.6","13.0","0.1"
"USC00102707","DUBOIS EXPERIMENT STATION, ID US","1989-11","6.1","-0.4","5.4","-6.1"
"USC00102707","DUBOIS EXPERIMENT STATION, ID US","1989-12","2.0","-6.1","-0.5","-11.7"
"USC00102707","DUBOIS EXPERIMENT STATION, ID US","1990-01","23.6","-5.5","-0.5","-10.5"
"USC00102707","DUBOIS EXPERIMENT STATION, ID US","1990-02","15.5","-6.2","-0.8","-11.6"
"USC00102707","DUBOIS EXPERIMENT STATION, ID US","1990-03","17.4","1.9","8.6","-4.8"
"USC00102707","DUBOIS EXPERIMENT STATION, ID US","1990-04","22.9","8.6","16.2","0.9"
"USC00102707","DUBOIS EXPERIMENT STATION, ID US","1990-05","57.2","9.7","17.4","2.1"
"USC00102707","DUBOIS EXPERIMENT STATION, ID US","1990-06","44.6","15.6","24.0","7.1"
"USC00102707","DUBOIS EXPERIMENT STATION, ID US","1990-07","16.7","21.0","30.5","11.4"
"USC00102707","DUBOIS EXPERIMENT STATION, ID US","1990-08","19.2","19.8","29.0","10.6"
"USC00102707","DUBOIS EXPERIMENT STATION, ID US","1990-09","28.8","17.7","26.8","8.5"
"USC00102707","DUBOIS EXPERIMENT STATION, ID US","1990-10","5.9","6.6","14.4","-1.2"
"USC00102707","DUBOIS EXPERIMENT STATION, ID US","1990-11","18.1","0.1","6.1","-5.9"
"USC00102707","DUBOIS EXPERIMENT STATION, ID US","1990-12","15.4","-12.0","-6.4","-17.6"
"USC00102707","DUBOIS EXPERIMENT STATION, ID US","1991-01","6.5","-7.6","-2.8","-12.4"
"USC00102707","DUBOIS EXPERIMENT STATION, ID US","1991-02","6.1","0.0","5.3","-5.3"
"USC00102707","DUBOIS EXPERIMENT STATION, ID US","1991-03","43.0","1.1","6.5","-4.2"
"USC00102707","DUBOIS EXPERIMENT STATION, ID US","1991-04","32.2","4.9","11.6","-1.7"
"USC00102707","DUBOIS EXPERIMENT STATION, ID US","1991-05","88.8","9.0","15.5","2.5"
"USC00102707","DUBOIS EXPERIMENT STATION, ID US","1991-06","54.5","14.8","23.1","6.5"
"USC00102707","DUBOIS EXPERIMENT STATION, ID US","1991-07","10.7","20.6","30.1","11.1"
"USC00102707","DUBOIS EXPERIMENT STATION, ID US","1991-08","29.7","21.1","30.4","11.7"
"USC00102707","DUBOIS EXPERIMENT STATION, ID US","1991-09","28.0","14.6","23.0","6.1"
"USC00102707","DUBOIS EXPERIMENT STATION, ID US","1991-10","50.3","6.9","14.3","-0.4"
"USC00102707","DUBOIS EXPERIMENT STATION, ID US","1991-11","15.8","-2.9","1.4","-7.2"
"USC00102707","DUBOIS EXPERIMENT STATION, ID US","1991-12","11.7","-5.1","0.1","-10.3"
"USC00102707","DUBOIS EXPERIMENT STATION, ID US","1992-01","2.4","-5.2","-0.1","-10.2"
"USC00102707","DUBOIS EXPERIMENT STATION, ID US","1992-02","32.5","-0.2","4.9","-5.3"
"USC00102707","DUBOIS EXPERIMENT STATION, ID US","1992-03","14.3","5.2","11.9","-1.5"
"USC00102707","DUBOIS EXPERIMENT STATION, ID US","1992-04","3.8","9.3","17.4","1.2"
"USC00102707","DUBOIS EXPERIMENT STATION, ID US","1992-05","4.2","14.4","23.3","5.4"
"USC00102707","DUBOIS EXPERIMENT STATION, ID US","1992-06","61.7","16.8","24.9","8.8"
"USC00102707","DUBOIS EXPERIMENT STATION, ID US","1992-07","23.8","18.2","27.0","9.3"
"USC00102707","DUBOIS EXPERIMENT STATION, ID US","1992-08","15.1","20.2","29.9","10.5"
"USC00102707","DUBOIS EXPERIMENT STATION, ID US","1992-09","19.1","13.0","22.1","4.0"
"USC00102707","DUBOIS EXPERIMENT STATION, ID US","1992-10","23.8","9.2","16.9","1.4"
"USC00102707","DUBOIS EXPERIMENT STATION, ID US","1992-11","30.5","-3.5","0.9","-7.8"
"USC00102707","DUBOIS EXPERIMENT STATION, ID US","1992-12","29.2","-8.3","-4.1","-12.5"
"USC00102707","DUBOIS EXPERIMENT STATION, ID US","1993-01","41.2","-7.7","-2.4","-13.1"
"USC00102707","DUBOIS EXPERIMENT STATION, ID US","1993-02","21.9","-6.3","-1.0","-11.7"
"USC00102707","DUBOIS EXPERIMENT STATION, ID US","1993-03","20.2","-0.6","4.1","-5.4"
"USC00102707","DUBOIS EXPERIMENT STATION, ID US","1993-04","47.8","4.5","10.3","-1.3"
"USC00102707","DUBOIS EXPERIMENT STATION, ID US","1993-05","90.7","12.1","19.7","4.6"
"USC00102707","DUBOIS EXPERIMENT STATION, ID US","1993-06","47.5","13.1","20.5","5.6"
"USC00102707","DUBOIS EXPERIMENT STATION, ID US","1993-07","52.4","14.5","22.4","6.5"
"USC00102707","DUBOIS EXPERIMENT STATION, ID US","1993-08","34.7","16.6","25.6","7.6"
"USC00102707","DUBOIS EXPERIMENT STATION, ID US","1993-09","2.0","13.7","22.5","4.9"
"USC00102707","DUBOIS EXPERIMENT STATION, ID US","1993-10","22.6","7.1","14.0","0.1"
"USC00102707","DUBOIS EXPERIMENT STATION, ID US","1993-11","2.8","-3.3","2.9","-9.5"
"USC00102707","DUBOIS EXPERIMENT STATION, ID US","1993-12","12.4","-5.6","-0.6","-10.6"
"USC00102707","DUBOIS EXPERIMENT STATION, ID US","1994-01","9.5","-3.8","0.7","-8.3"
"USC00102707","DUBOIS EXPERIMENT STATION, ID US","1994-02","25.4","-5.6","-0.6","-10.7"
"USC00102707","DUBOIS EXPERIMENT STATION, ID US","1994-03","6.9","2.9","10.1","-4.2"
"USC00102707","DUBOIS EXPERIMENT STATION, ID US","1994-04","25.9","7.5","14.9","0.0"
"USC00102707","DUBOIS EXPERIMENT STATION, ID US","1994-05","27.9","13.4","21.9","5.0"
"USC00102707","DUBOIS EXPERIMENT STATION, ID US","1994-06","34.0","17.0","26.1","7.9"
"USC00102707","DUBOIS EXPERIMENT STATION, ID US","1994-07","10.5","20.8","30.6","10.9"
"USC00102707","DUBOIS EXPERIMENT STATION, ID US","1994-08","24.1","20.9","30.8","11.0"
"USC00102707","DUBOIS EXPERIMENT STATION, ID US","1994-09","19.5","16.6","26.0","7.2"
"USC00102707","DUBOIS EXPERIMENT STATION, ID US","1994-10","47.8","6.4","12.7","0.2"
"USC00102707","DUBOIS EXPERIMENT STATION, ID US","1994-11","42.9","-4.7","0.0","-9.3"
"USC00102707","DUBOIS EXPERIMENT STATION, ID US","1994-12","42.1","-5.0","-1.1","-8.9"
"USC00102707","DUBOIS EXPERIMENT STATION, ID US","1995-01","37.9","-5.0","-0.7","-9.3"
"USC00102707","DUBOIS EXPERIMENT STATION, ID US","1995-02","3.8","-2.0","2.7","-6.8"
"USC00102707","DUBOIS EXPERIMENT STATION, ID US","1995-03","79.9","-0.6","4.1","-5.2"
"USC00102707","DUBOIS EXPERIMENT STATION, ID US","1995-04","46.5","5.3","11.9","-1.4"
"USC00102707","DUBOIS EXPERIMENT STATION, ID US","1995-05","109.1","9.3","16.0","2.7"
"USC00102707","DUBOIS EXPERIMENT STATION, ID US","1995-06","123.6","13.1","20.4","5.8"
"USC00102707","DUBOIS EXPERIMENT STATION, ID US","1995-07","43.6","18.0","26.6","9.4"
"USC00102707","DUBOIS EXPERIMENT STATION, ID US","1995-08","12.5","19.1","29.2","8.9"
"USC00102707","DUBOIS EXPERIMENT STATION, ID US","1995-09","25.9","14.4","23.4","5.5"
"USC00102707","DUBOIS EXPERIMENT STATION, ID US","1995-10","15.0","5.7","13.0","-1.7"
"USC00102707","DUBOIS EXPERIMENT STATION, ID US","1995-11","16.7","1.6","7.2","-4.1"
"USC00102707","DUBOIS EXPERIMENT STATION, ID US","1995-12","28.5","-3.1","1.8","-8.0"
"USC00102707","DUBOIS EXPERIMENT STATION, ID US","1996-01","26.4","-6.9","-1.5","-12.2"
"USC00102707","DUBOIS EXPERIMENT STATION, ID US","1996-02","12.0","-3.9","1.5","-9.4"
"USC00102707","DUBOIS EXPERIMENT STATION, ID US","1996-03","17.0","0.8","7.0","-5.5"
"USC00102707","DUBOIS EXPERIMENT STATION, ID US","1996-04","35.1","6.0","12.9","-0.9"
"USC00102707","DUBOIS EXPERIMENT STATION, ID US","1996-05","52.2","9.5","16.5","2.5"
"USC00102707","DUBOIS EXPERIMENT STATION, ID US","1996-06","32.6","16.5","26.1","6.9"
"USC00102707","DUBOIS EXPERIMENT STATION, ID US","1996-07","15.0","20.9","30.0","11.9"
"USC00102707","DUBOIS EXPERIMENT STATION, ID US","1996-08","14.5","19.6","29.4","9.7"
"USC00102707","DUBOIS EXPERIMENT STATION, ID US","1996-09","32.5","12.5","20.8","4.1"
"USC00102707","DUBOIS EXPERIMENT STATION, ID US","1996-10","22.0","6.7","13.6","-0.3"
"USC00102707","DUBOIS EXPERIMENT STATION, ID US","1996-11","31.2","0.9","5.7","-4.0"
"USC00102707","DUBOIS EXPERIMENT STATION, ID US","1996-12","39.7","-5.5","-1.6","-9.4"
"USC00102707","DUBOIS EXPERIMENT STATION, ID US","1997-01","30.0","-5.9","-1.4","-10.3"
"USC00102707","DUBOIS EXPERIMENT STATION, ID US","1997-02","6.7","-3.9","1.5","-9.4"
"USC00102707","DUBOIS EXPERIMENT STATION, ID US","1997-03","13.3","0.8","7.1","-5.6"
"USC00102707","DUBOIS EXPERIMENT STATION, ID US","1997-04","31.6","4.3","11.3","-2.7"
"USC00102707","DUBOIS EXPERIMENT STATION, ID US","1997-05","54.4","12.1","20.2","3.9"
"USC00102707","DUBOIS EXPERIMENT STATION, ID US","1997-06","59.4","16.3","24.2","8.3"
"USC00102707","DUBOIS EXPERIMENT STATION, ID US","1997-07","22.9","18.9","28.0","9.9"
"USC00102707","DUBOIS EXPERIMENT STATION, ID US","1997-08","41.7","19.6","28.5","10.7"
"USC00102707","DUBOIS EXPERIMENT STATION, ID US","1997-09","16.8","15.6","24.2","7.0"
"USC00102707","DUBOIS EXPERIMENT STATION, ID US","1997-10","15.9","6.6","13.5","-0.4"
"USC00102707","DUBOIS EXPERIMENT STATION, ID US","1997-11","10.1","0.4","6.0","-5.2"
"USC00102707","DUBOIS EXPERIMENT STATION, ID US","1997-12","17.2","-5.9","-1.0","-10.9"
"USC00102707","DUBOIS EXPERIMENT STATION, ID US","1998-01","24.9","-4.0","0.4","-8.3"
"USC00102707","DUBOIS EXPERIMENT STATION, ID US","1998-02","28.7","-2.7","1.6","-7.0"
"USC00102707","DUBOIS EXPERIMENT STATION, ID US","1998-03","19.8","-0.8","4.3","-5.9"
"USC00102707","DUBOIS EXPERIMENT STATION, ID US","1998-04","38.2","5.9","12.9","-1.0"
"USC00102707","DUBOIS EXPERIMENT STATION, ID US","1998-05","118.9","10.6","18.0","3.1"
"USC00102707","DUBOIS EXPERIMENT STATION, ID US","1998-06","53.9","12.6","19.5","5.6"
"USC00102707","DUBOIS EXPERIMENT STATION, ID US","1998-07","20.2","22.1","31.3","12.9"
"USC00102707","DUBOIS EXPERIMENT STATION, ID US","1998-08","8.9","20.7","30.1","11.3"
"USC00102707","DUBOIS EXPERIMENT STATION, ID US","1998-09","26.4","17.2","25.7","8.8"
"USC00102707","DUBOIS EXPERIMENT STATION, ID US","1998-10","8.1","8.1","15.8","0.4"
"USC00102707","DUBOIS EXPERIMENT STATION, ID US","1998-11","25.3","0.6","4.4","-3.3"
"USC00102707","DUBOIS EXPERIMENT STATION, ID US","1998-12","16.7","-7.4","-2.7","-12.1"
"USC00102707","DUBOIS EXPERIMENT STATION, ID US","1999-01","27.4","-4.5","-0.1","-8.9"
"USC00102707","DUBOIS EXPERIMENT STATION, ID US","1999-02","32.6","-4.6","0.6","-9.7"
"USC00102707","DUBOIS EXPERIMENT STATION, ID US","1999-03","5.8","-0.2","5.6","-5.9"
"USC00102707","DUBOIS EXPERIMENT STATION, ID US","1999-04","42.4","4.4","11.1","-2.2"
"USC00102707","DUBOIS EXPERIMENT STATION, ID US","1999-05","106.8","9.2","16.3","2.0"
"USC00102707","DUBOIS EXPERIMENT STATION, ID US","1999-06","42.9","14.7","22.6","6.8"
"USC00102707","DUBOIS EXPERIMENT STATION, ID US","1999-07","0.0","19.8","29.7","9.9"
"USC00102707","DUBOIS EXPERIMENT STATION, ID US","1999-08","30.5","20.2","29.4","10.9"
"USC00102707","DUBOIS EXPERIMENT STATION, ID US","1999-09","0.8","13.1","22.5","3.7"
"USC00102707","DUBOIS EXPERIMENT STATION, ID US","1999-10","3.6","8.7","17.4","-0.1"
"USC00102707","DUBOIS EXPERIMENT STATION, ID US","1999-11","4.6","4.1","11.0","-2.8"
"USC00102707","DUBOIS EXPERIMENT STATION, ID US","1999-12","25.5","-5.7","-1.1","-10.2"
"USC00102707","DUBOIS EXPERIMENT STATION, ID US","2000-01","19.4","-5.5","-1.2","-9.9"
"USC00102707","DUBOIS EXPERIMENT STATION, ID US","2000-02","33.7","-1.0","3.6","-5.5"
"USC00102707","DUBOIS EXPERIMENT STATION, ID US","2000-03","21.6","0.8","6.9","-5.2"
"USC00102707","DUBOIS EXPERIMENT STATION, ID US","2000-04","31.7","8.6","16.2","1.1"
"USC00102707","DUBOIS EXPERIMENT STATION, ID US","2000-05","52.1","11.7","19.4","4.0"
"USC00102707","DUBOIS EXPERIMENT STATION, ID US","2000-06","19.2","16.5","25.8","7.3"
"USC00102707","DUBOIS EXPERIMENT STATION, ID US","2000-07","11.2","21.6","31.4","11.9"
"USC00102707","DUBOIS EXPERIMENT STATION, ID US","2000-08","0.5","21.5","31.5","11.6"
"USC00102707","DUBOIS EXPERIMENT STATION, ID US","2000-09","30.5","13.6","22.3","4.9"
"USC00102707","DUBOIS EXPERIMENT STATION, ID US","2000-10","35.8","7.5","13.9","1.1"
"USC00102707","DUBOIS EXPERIMENT STATION, ID US","2000-11","20.2","-4.6","1.2","-10.4"
"USC00102707","DUBOIS EXPERIMENT STATION, ID US","2000-12","13.2","-6.2","-1.1","-11.3"
"USC00102707","DUBOIS EXPERIMENT STATION, ID US","2001-01","13.5","-6.7","-1.4","-11.9"
"USC00102707","DUBOIS EXPERIMENT STATION, ID US","2001-02","9.3","-5.4","-0.4","-10.3"
"USC00102707","DUBOIS EXPERIMENT STATION, ID US","2001-03","12.2","1.8","7.7","-4.1"
"USC00102707","DUBOIS EXPERIMENT STATION, ID US","2001-04","26.6","6.1","13.4","-1.2"
"USC00102707","DUBOIS EXPERIMENT STATION, ID US","2001-05","3.1","13.6","23.2","3.9"
"USC00102707","DUBOIS EXPERIMENT STATION, ID US","2001-06","25.2","16.8","26.0","7.7"
"USC00102707","DUBOIS EXPERIMENT STATION, ID US","2001-07","23.1","21.5","30.5","12.6"
"USC00102707","DUBOIS EXPERIMENT STATION, ID US","2001-08","19.5","21.8","31.9","11.7"
"USC00102707","DUBOIS EXPERIMENT STATION, ID US","2001-09","4.4","16.8","26.6","7.0"
"USC00102707","DUBOIS EXPERIMENT STATION, ID US","2001-10","24.2","7.9","15.5","0.4"
"USC00102707","DUBOIS EXPERIMENT STATION, ID US","2001-11","34.2","2.8","8.3","-2.7"
"USC00102707","DUBOIS EXPERIMENT STATION, ID US","2001-12","37.1","-7.9","-3.5","-12.3"
"USC00102707","DUBOIS EXPERIMENT STATION, ID US","2002-01","17.2","-8.1","-3.5","-12.7"
"USC00102707","DUBOIS EXPERIMENT STATION, ID US","2002-02","4.4","-7.2","-1.3","-13.2"
"USC00102707","DUBOIS EXPERIMENT STATION, ID US","2002-03","8.9","-3.2","2.1","-8.5"
"USC00102707","DUBOIS EXPERIMENT STATION, ID US","2002-04","20.4","6.2","13.5","-1.1"
"USC00102707","DUBOIS EXPERIMENT STATION, ID US","2002-05","22.7","11.1","19.2","3.1"
"USC00102707","DUBOIS EXPERIMENT STATION, ID US","2002-06","32.7","16.9","25.6","8.2"
"USC00102707","DUBOIS EXPERIMENT STATION, ID US","2002-07","7.1","23.2","32.9","13.4"
"USC00102707","DUBOIS EXPERIMENT STATION, ID US","2002-08","6.2","19.3","29.1","9.4"
"USC00102707","DUBOIS EXPERIMENT STATION, ID US","2002-09","19.2","14.8","23.8","5.9"
"USC00102707","DUBOIS EXPERIMENT STATION, ID US","2002-10","9.6","5.8","13.4","-1.9"
"USC00102707","DUBOIS EXPERIMENT STATION, ID US","2002-11","18.0","-1.5","3.9","-6.9"
"USC00102707","DUBOIS EXPERIMENT STATION, ID US","2002-12","22.3","-3.1","0.6","-6.6"
"USC00102707","DUBOIS EXPERIMENT STATION, ID US","2003-01","7.5","-1.9","1.8","-5.5"
"USC00102707","DUBOIS EXPERIMENT STATION, ID US","2003-02","19.6","-4.2","1.3","-9.7"
"USC00102707","DUBOIS EXPERIMENT STATION, ID US","2003-03","12.8","2.3","8.6","-3.9"
"USC00102707","DUBOIS EXPERIMENT STATION, ID US","2003-04","89.4","6.1","12.7","-0.5"
"USC00102707","DUBOIS EXPERIMENT STATION, ID US","2003-05","39.6","11.5","19.5","3.5"
"USC00102707","DUBOIS EXPERIMENT STATION, ID US","2003-06","7.0","16.8","26.0","7.7"
"USC00102707","DUBOIS EXPERIMENT STATION, ID US","2003-07","1.3","24.2","34.5","13.9"
"USC00102707","DUBOIS EXPERIMENT STATION, ID US","2003-08","4.0","22.6","32.2","13.0"
"USC00102707","DUBOIS EXPERIMENT STATION, ID US","2003-09","8.4","14.8","23.9","5.8"
"USC00102707","DUBOIS EXPERIMENT STATION, ID US","2003-10","1.0","10.3","18.4","2.1"
"USC00102707","DUBOIS EXPERIMENT STATION, ID US","2003-11","6.7","-2.7","2.7","-8.1"
"USC00102707","DUBOIS EXPERIMENT STATION, ID US","2003-12","38.9","-2.7","1.4","-6.8"
"USC00102707","DUBOIS EXPERIMENT STATION, ID US","2004-01","19.3","-7.1","-2.6","-11.5"
"USC00102707","DUBOIS EXPERIMENT STATION, ID US","2004-02","29.1","-4.8","-0.3","-9.4"
"USC00102707","DUBOIS EXPERIMENT STATION, ID US","2004-03","12.7","2.8","9.5","-3.8"
"USC00102707","DUBOIS EXPERIMENT STATION, ID US","2004-04","30.0","8.2","15.8","0.6"
"USC00102707","DUBOIS EXPERIMENT STATION, ID US","2004-05","36.6","11.0","18.7","3.4"
"USC00102707","DUBOIS EXPERIMENT STATION, ID US","2004-06","44.0","16.2","25.1","7.3"
"USC00102707","DUBOIS EXPERIMENT STATION, ID US","2004-07","18.7","20.5","29.9","11.0"
"USC00102707","DUBOIS EXPERIMENT STATION, ID US","2004-08","23.0","19.1","28.1","10.1"
"USC00102707","DUBOIS EXPERIMENT STATION, ID US","2004-09","23.6","14.1","22.6","5.6"
"USC00102707","DUBOIS EXPERIMENT STATION, ID US","2004-10","70.9","8.1","14.4","1.8"
"USC00102707","DUBOIS EXPERIMENT STATION, ID US","2004-11","0.0","0.4","5.7","-4.7"
"USC00102707","DUBOIS EXPERIMENT STATION, ID US","2004-12","30.0","-3.0","0.5","-6.6"
"USC00102707","DUBOIS EXPERIMENT STATION, ID US","2005-01","19.1","-4.7","-0.4","-9.1"
"USC00102707","DUBOIS EXPERIMENT STATION, ID US","2005-02","2.8","-3.8","2.1","-9.7"
"USC00102707","DUBOIS EXPERIMENT STATION, ID US","2005-03","28.0","0.8","6.5","-4.8"
"USC00102707","DUBOIS EXPERIMENT STATION, ID US","2005-04","40.5","6.7","14.0","-0.6"
"USC00102707","DUBOIS EXPERIMENT STATION, ID US","2005-05","71.4","10.6","17.5","3.7"
"USC00102707","DUBOIS EXPERIMENT STATION, ID US","2005-06","50.3","14.1","22.6","5.6"
"USC00102707","DUBOIS EXPERIMENT STATION, ID US","2005-07","1.8","21.4","31.3","11.5"
"USC00102707","DUBOIS EXPERIMENT STATION, ID US","2005-08","12.4","20.0","29.4","10.6"
"USC00102707","DUBOIS EXPERIMENT STATION, ID US","2005-09","37.2","14.1","22.4","5.8"
"USC00102707","DUBOIS EXPERIMENT STATION, ID US","2005-10","51.1","7.9","14.4","1.4"
"USC00102707","DUBOIS EXPERIMENT STATION, ID US","2005-11","24.4","-0.5","4.3","-5.3"
"USC00102707","DUBOIS EXPERIMENT STATION, ID US","2005-12","53.2","-6.8","-3.1","-10.5"
"USC00102707","DUBOIS EXPERIMENT STATION, ID US","2006-01","40.5","-5.5","-1.9","-9.2"
"USC00102707","DUBOIS EXPERIMENT STATION, ID US","2006-02","8.2","-8.6","-3.6","-13.5"
"USC00102707","DUBOIS EXPERIMENT STATION, ID US","2006-03","35.6","-2.0","2.6","-6.5"
"USC00102707","DUBOIS EXPERIMENT STATION, ID US","2006-04","68.9","6.3","12.3","0.2"
"USC00102707","DUBOIS EXPERIMENT STATION, ID US","2006-05","16.8","11.8","19.5","4.1"
"USC00102707","DUBOIS EXPERIMENT STATION, ID US","2006-06","45.0","17.2","25.4","9.0"
"USC00102707","DUBOIS EXPERIMENT STATION, ID US","2006-07","17.7","22.3","31.4","13.2"
"USC00102707","DUBOIS EXPERIMENT STATION, ID US","2006-08","9.9","19.1","28.4","9.8"
"USC00102707","DUBOIS EXPERIMENT STATION, ID US","2006-09","23.5","13.3","21.1","5.5"
"USC00102707","DUBOIS EXPERIMENT STATION, ID US","2006-10","49.6","5.8","11.6","-0.1"
"USC00102707","DUBOIS EXPERIMENT STATION, ID US","2006-11","24.1","-0.3","4.2","-4.7"
"USC00102707","DUBOIS EXPERIMENT STATION, ID US","2006-12","16.5","-5.5","-0.9","-10.1"
"USC00102707","DUBOIS EXPERIMENT STATION, ID US","2007-01","3.8","-9.3","-4.2","-14.4"
"USC00102707","DUBOIS EXPERIMENT STATION, ID US","2007-02","18.6","-2.6","1.4","-6.5"
"USC00102707","DUBOIS EXPERIMENT STATION, ID US","2007-03","8.2","3.5","9.9","-3.0"
"USC00102707","DUBOIS EXPERIMENT STATION, ID US","2007-04","27.0","7.1","14.2","0.0"
"USC00102707","DUBOIS EXPERIMENT STATION, ID US","2007-05","18.3","12.8","21.3","4.3"
"USC00102707","DUBOIS EXPERIMENT STATION, ID US","2007-06","6.7","17.7","27.0","8.4"
"USC00102707","DUBOIS EXPERIMENT STATION, ID US","2007-07","13.8","24.3","33.3","15.3"
"USC00102707","DUBOIS EXPERIMENT STATION, ID US","2007-08","12.2","20.6","29.7","11.6"
"USC00102707","DUBOIS EXPERIMENT STATION, ID US","2007-09","40.2","13.7","21.7","5.7"
"USC00102707","DUBOIS EXPERIMENT STATION, ID US","2007-10","30.2","6.6","12.8","0.4"
"USC00102707","DUBOIS EXPERIMENT STATION, ID US","2007-11","1.0","0.1","5.5","-5.2"
"USC00102707","DUBOIS EXPERIMENT STATION, ID US","2007-12","24.9","-7.6","-4.3","-10.9"
"USC00102707","DUBOIS EXPERIMENT STATION, ID US","2008-01","45.2","-9.8","-4.9","-14.7"
"USC00102707","DUBOIS EXPERIMENT STATION, ID US","2008-02","13.2","-6.7","-2.4","-11.1"
"USC00102707","DUBOIS EXPERIMENT STATION, ID US","2008-03","14.3","-4.8","0.2","-9.8"
"USC00102707","DUBOIS EXPERIMENT STATION, ID US","2008-04","18.9","1.1","7.4","-5.3"
"USC00102707","DUBOIS EXPERIMENT STATION, ID US","2008-05","51.5","9.6","16.2","3.0"
"USC00102707","DUBOIS EXPERIMENT STATION, ID US","2008-06","7.7","15.2","23.4","7.1"
"USC00102707","DUBOIS EXPERIMENT STATION, ID US","2008-07","1.5","21.3","30.6","11.9"
"USC00102707","DUBOIS EXPERIMENT STATION, ID US","2008-08","8.6","19.9","29.2","10.6"
"USC00102707","DUBOIS EXPERIMENT STATION, ID US","2008-09","13.6","13.9","22.5","5.4"
"USC00102707","DUBOIS EXPERIMENT STATION, ID US","2008-10","5.1",,,
"USC00102707","DUBOIS EXPERIMENT STATION, ID US","2008-11","30.5","2.0","6.8","-2.7"
"USC00102707","DUBOIS EXPERIMENT STATION, ID US","2008-12","38.5","-7.9","-3.5","-12.4"
"USC00102707","DUBOIS EXPERIMENT STATION, ID US","2009-01","4.7","-7.0","-2.8","-11.1"
"USC00102707","DUBOIS EXPERIMENT STATION, ID US","2009-02","13.5","-5.4","-0.9","-9.8"
"USC00102707","DUBOIS EXPERIMENT STATION, ID US","2009-03","18.6","-1.7","3.1","-6.5"
"USC00102707","DUBOIS EXPERIMENT STATION, ID US","2009-04","23.9","5.3","11.5","-0.9"
"USC00102707","DUBOIS EXPERIMENT STATION, ID US","2009-05","16.8","11.4","19.7","3.1"
"USC00102707","DUBOIS EXPERIMENT STATION, ID US","2009-06","98.7","13.4","20.1","6.8"
"USC00102707","DUBOIS EXPERIMENT STATION, ID US","2009-07","31.5","19.2","27.4","11.1"
"USC00102707","DUBOIS EXPERIMENT STATION, ID US","2009-08","16.6","18.9","27.8","10.0"
"USC00102707","DUBOIS EXPERIMENT STATION, ID US","2009-09","5.8","17.5","26.7","8.4"
"USC00102707","DUBOIS EXPERIMENT STATION, ID US","2009-10","22.8","4.8","10.3","-0.8"
"USC00102707","DUBOIS EXPERIMENT STATION, ID US","2009-11","4.4","0.3","5.4","-4.7"
"USC00102707","DUBOIS EXPERIMENT STATION, ID US","2009-12","13.8","-8.3","-4.7","-12.0"
"USC00102707","DUBOIS EXPERIMENT STATION, ID US","2010-01","24.8","-4.3","-1.1","-7.6"
"USC00102707","DUBOIS EXPERIMENT STATION, ID US","2010-02","8.4","-5.4","-1.8","-9.0"
"USC00102707","DUBOIS EXPERIMENT STATION, ID US","2010-03","7.2","3.6","7.6","-0.4"
"USC00102707","DUBOIS EXPERIMENT STATION, ID US","2010-04","48.8","8.8","14.9","2.7"
"USC00102707","DUBOIS EXPERIMENT STATION, ID US","2010-05","41.9","9.1","15.5","2.6"
"USC00102707","DUBOIS EXPERIMENT STATION, ID US","2010-06","45.3","16.6","23.1","10.0"
"USC00102707","DUBOIS EXPERIMENT STATION, ID US","2010-07","5.1","19.9","29.3","10.6"
"USC00102707","DUBOIS EXPERIMENT STATION, ID US","2010-08","24.2","19.2","28.0","10.4"
"USC00102707","DUBOIS EXPERIMENT STATION, ID US","2010-09","8.7","15.6","24.6","6.6"
"USC00102707","DUBOIS EXPERIMENT STATION, ID US","2010-10","34.1","11.2","17.7","4.7"
"USC00102707","DUBOIS EXPERIMENT STATION, ID US","2010-11","43.3","1.6","5.4","-2.2"
"USC00102707","DUBOIS EXPERIMENT STATION, ID US","2010-12","51.8","-1.6","1.3","-4.5"
"USC00102707","DUBOIS EXPERIMENT STATION, ID US","2011-01","8.2","-4.6","-1.8","-7.5"
"USC00102707","DUBOIS EXPERIMENT STATION, ID US","2011-02","6.4","-6.4","-2.3","-10.4"
"USC00102707","DUBOIS EXPERIMENT STATION, ID US","2011-03","27.4","0.9","4.3","-2.5"
"USC00102707","DUBOIS EXPERIMENT STATION, ID US","2011-04","21.6","4.9","10.9","-1.0"
"USC00102707","DUBOIS EXPERIMENT STATION, ID US","2011-05","77.5","10.1","16.4","3.8"
"USC00102707","DUBOIS EXPERIMENT STATION, ID US","2011-06","52.4","14.6","22.2","7.1"
"USC00102707","DUBOIS EXPERIMENT STATION, ID US","2011-07","16.4","20.5","30.1","11.0"
"USC00102707","DUBOIS EXPERIMENT STATION, ID US","2011-08","16.6","20.6","29.9","11.2"
"USC00102707","DUBOIS EXPERIMENT STATION, ID US","2011-09","15.0","16.8","25.6","7.9"
"USC00102707","DUBOIS EXPERIMENT STATION, ID US","2011-10","50.0","8.8","14.6","2.9"
"USC00102707","DUBOIS EXPERIMENT STATION, ID US","2011-11","5.9","-0.8","4.3","-5.9"
"USC00102707","DUBOIS EXPERIMENT STATION, ID US","2011-12","8.2","-5.1","-0.2","-10.1"
"USC00102707","DUBOIS EXPERIMENT STATION, ID US","2012-01","26.5","-4.5","0.0","-9.1"
"USC00102707","DUBOIS EXPERIMENT STATION, ID US","2012-02","12.8","-3.4","1.1","-7.9"
"USC00102707","DUBOIS EXPERIMENT STATION, ID US","2012-03","24.2","6.2","11.6","0.7"
"USC00102707","DUBOIS EXPERIMENT STATION, ID US","2012-04","27.1","10.3","17.7","2.9"
"USC00102707","DUBOIS EXPERIMENT STATION, ID US","2012-05","25.2","12.3","20.4","4.3"
"USC00102707","DUBOIS EXPERIMENT STATION, ID US","2012-06","15.7","17.5","27.0","8.0"
"USC00102707","DUBOIS EXPERIMENT STATION, ID US","2012-07","15.5","22.6","31.8","13.4"
"USC00102707","DUBOIS EXPERIMENT STATION, ID US","2012-08","10.4","21.6","31.1","12.2"
"USC00102707","DUBOIS EXPERIMENT STATION, ID US","2012-09","10.6","16.2","24.9","7.6"
"USC00102707","DUBOIS EXPERIMENT STATION, ID US","2012-10","13.7","6.8","13.6","-0.1"
"USC00102707","DUBOIS EXPERIMENT STATION, ID US","2012-11","18.9","2.3","6.3","-1.6"
"USC00102707","DUBOIS EXPERIMENT STATION, ID US","2012-12","31.1","-3.7","0.0","-7.3"
"USC00102707","DUBOIS EXPERIMENT STATION, ID US","2013-01","15.8","-8.2","-3.7","-12.8"
"USC00102707","DUBOIS EXPERIMENT STATION, ID US","2013-02","15.5","-4.5","-0.8","-8.2"
"USC00102707","DUBOIS EXPERIMENT STATION, ID US","2013-03","6.6","1.3","6.0","-3.4"
"USC00102707","DUBOIS EXPERIMENT STATION, ID US","2013-04","11.7","7.5","14.4","0.7"
"USC00102707","DUBOIS EXPERIMENT STATION, ID US","2013-05","29.5","12.9","20.1","5.7"
"USC00102707","DUBOIS EXPERIMENT STATION, ID US","2013-06","4.0","17.9","27.0","8.8"
"USC00102707","DUBOIS EXPERIMENT STATION, ID US","2013-07","28.6","23.2","32.4","14.1"
"USC00102707","DUBOIS EXPERIMENT STATION, ID US","2013-08","3.3","22.1","31.1","13.2"
"USC00102707","DUBOIS EXPERIMENT STATION, ID US","2013-09","36.8","16.3","23.2","9.4"
"USC00102707","DUBOIS EXPERIMENT STATION, ID US","2013-10",,"6.0","12.5","-0.6"
"USC00102707","DUBOIS EXPERIMENT STATION, ID US","2013-11","7.0","1.4","6.5","-3.7"
"USC00102707","DUBOIS EXPERIMENT STATION, ID US","2013-12","6.4","-8.5","-4.2","-12.7"
"USC00102707","DUBOIS EXPERIMENT STATION, ID US","2014-01","3.3","-4.9","-0.9","-9.0"
"USC00102707","DUBOIS EXPERIMENT STATION, ID US","2014-02","11.4","-4.0","1.2","-9.1"
"USC00102707","DUBOIS EXPERIMENT STATION, ID US","2014-03","22.4","3.8","9.8","-2.3"
"USC00102707","DUBOIS EXPERIMENT STATION, ID US","2014-04","48.4","7.3","14.2","0.3"
"USC00102707","DUBOIS EXPERIMENT STATION, ID US","2014-05","19.0","13.1","20.9","5.3"
"USC00102707","DUBOIS EXPERIMENT STATION, ID US","2014-06","22.4","15.9","24.1","7.6"
"USC00102707","DUBOIS EXPERIMENT STATION, ID US","2014-07","6.9","22.4","31.4","13.4"
"USC00102707","DUBOIS EXPERIMENT STATION, ID US","2014-08","112.6","19.3","26.3","12.4"
"USC00102707","DUBOIS EXPERIMENT STATION, ID US","2014-09","54.7","15.8","23.6","8.0"
"USC00102707","DUBOIS EXPERIMENT STATION, ID US","2014-10","2.5","9.8","16.9","2.8"
"USC00102707","DUBOIS EXPERIMENT STATION, ID US","2014-11","10.6","-1.3","3.6","-6.2"
"USC00102707","DUBOIS EXPERIMENT STATION, ID US","2014-12","27.2","-2.1","1.1","-5.2"
"USC00102707","DUBOIS EXPERIMENT STATION, ID US","2015-01","9.1","-4.0","-0.4","-7.7"
"USC00102707","DUBOIS EXPERIMENT STATION, ID US","2015-02","2.0","1.4","6.0","-3.2"
"USC00102707","DUBOIS EXPERIMENT STATION, ID US","2015-03","2.1","5.9","13.1","-1.4"
"USC00102707","DUBOIS EXPERIMENT STATION, ID US","2015-04","12.8","7.9","15.5","0.4"
"USC00102707","DUBOIS EXPERIMENT STATION, ID US","2015-05","96.4","12.4","18.8","5.9"
"USC00102707","DUBOIS EXPERIMENT STATION, ID US","2015-06","32.5","20.4","28.8","12.1"
"USC00102707","DUBOIS EXPERIMENT STATION, ID US","2015-07","44.7","20.1","28.6","11.6"
"USC00102707","DUBOIS EXPERIMENT STATION, ID US","2015-08","20.1","20.4","29.1","11.7"
"USC00102707","DUBOIS EXPERIMENT STATION, ID US","2015-09","15.8","15.9","24.9","7.0"
"USC00102707","DUBOIS EXPERIMENT STATION, ID US","2015-10","25.4","11.4","17.9","4.9"
"USC00102707","DUBOIS EXPERIMENT STATION, ID US","2015-11","28.5","-1.3","3.2","-5.7"
"USC00102707","DUBOIS EXPERIMENT STATION, ID US","2015-12","36.1","-6.2","-2.1","-10.4"
"USC00102707","DUBOIS EXPERIMENT STATION, ID US","2016-01","22.3","-5.1","-2.3","-8.0"
"USC00102707","DUBOIS EXPERIMENT STATION, ID US","2016-02","9.2","-3.0","0.7","-6.8"
"USC00102707","DUBOIS EXPERIMENT STATION, ID US","2016-03","33.1","3.3","8.3","-1.6"
"USC00102707","DUBOIS EXPERIMENT STATION, ID US","2016-04","24.9","9.9","17.2","2.6"
"USC00102707","DUBOIS EXPERIMENT STATION, ID US","2016-05","84.4","12.2","19.5","4.9"
"USC00102707","DUBOIS EXPERIMENT STATION, ID US","2016-06","25.2","19.0","28.1","9.9"
"USC00102707","DUBOIS EXPERIMENT STATION, ID US","2016-07","14.1","21.3","30.6","12.0"
"USC00102707","DUBOIS EXPERIMENT STATION, ID US","2016-08","3.1","20.1","29.5","10.8"
"USC00102707","DUBOIS EXPERIMENT STATION, ID US","2016-09","27.8","14.4","22.1","6.8"
"USC00102707","DUBOIS EXPERIMENT STATION, ID US","2016-10","119.2","9.5","14.8","4.1"
"USC00102707","DUBOIS EXPERIMENT STATION, ID US","2016-11","9.6","4.7","9.6","-0.2"
"USC00102707","DUBOIS EXPERIMENT STATION, ID US","2016-12","29.3","-8.6","-4.6","-12.7"
"USC00102707","DUBOIS EXPERIMENT STATION, ID US","2017-01","22.7","-8.8","-5.5","-12.1"
"USC00102707","DUBOIS EXPERIMENT STATION, ID US","2017-02","23.6","-2.1","1.2","-5.5"
"USC00102707","DUBOIS EXPERIMENT STATION, ID US","2017-03","17.4","5.1","9.9","0.4"
"USC00102707","DUBOIS EXPERIMENT STATION, ID US","2017-04","44.7","7.5","13.3","1.7"
"USC00102707","DUBOIS EXPERIMENT STATION, ID US","2017-05","17.4","12.7","20.5","4.8"
"USC00102707","DUBOIS EXPERIMENT STATION, ID US","2017-06","44.0",,,
"USC00102707","DUBOIS EXPERIMENT STATION, ID US","2017-07","11.7",,,
"USC00102707","DUBOIS EXPERIMENT STATION, ID US","2017-08","15.2","20.6","29.2","11.9"
"USC00102707","DUBOIS EXPERIMENT STATION, ID US","2017-09","70.6","14.8","21.9","7.6"
"USC00102707","DUBOIS EXPERIMENT STATION, ID US","2017-10","9.1","6.3","12.9","-0.4"
"USC00102707","DUBOIS EXPERIMENT STATION, ID US","2017-11","26.8","1.9","6.0","-2.1"
"USC00102707","DUBOIS EXPERIMENT STATION, ID US","2017-12","2.9","-5.2","-1.4","-9.0"
"USC00102707","DUBOIS EXPERIMENT STATION, ID US","2018-01","19.8","-2.6","1.3","-6.4"
"USC00102707","DUBOIS EXPERIMENT STATION, ID US","2018-02","5.6","-4.5","-0.1","-8.9"
"USC00102707","DUBOIS EXPERIMENT STATION, ID US","2018-03","52.9","0.8","5.5","-3.9"
"USC00102707","DUBOIS EXPERIMENT STATION, ID US","2018-04","35.5","8.7","15.2","2.2"
"USC00102707","DUBOIS EXPERIMENT STATION, ID US","2018-05","69.1","14.3","21.1","7.4"
"USC00102707","DUBOIS EXPERIMENT STATION, ID US","2018-06","54.7","17.2","25.2","9.2"
"USC00102707","DUBOIS EXPERIMENT STATION, ID US","2018-07","2.1","22.6","31.9","13.4"
"USC00102707","DUBOIS EXPERIMENT STATION, ID US","2018-08","15.9","20.5","29.6","11.4"
"USC00102707","DUBOIS EXPERIMENT STATION, ID US","2018-09","1.3","15.7","24.4","7.0"
"USC00102707","DUBOIS EXPERIMENT STATION, ID US","2018-10","31.8","8.1","14.4","1.8"
"USC00102707","DUBOIS EXPERIMENT STATION, ID US","2018-11","16.8","-0.9","3.6","-5.4"
"USC00102707","DUBOIS EXPERIMENT STATION, ID US","2019-01",,"-5.3","-1.4","-9.2"
